Tempo (s), Distância (m), Refletância (%), Erro (%), Velocidade Esq. (deg/s), Velocidade Dir. (deg/s), Velocidade Média (m/s), Oscilação, Suavidade (deg/s)
0.013, 0.0, 0.63, 0.2160703889784571, 0, 0, 0.0, 0, 0
0.055, 0.0, 0.84, 0.4260703889784571, 0, 0, 0.0, 0, 0
0.09399999999999999, 0.0007330382858376185, 0.84, 0.4260703889784571, 14, 47, 7.798279636570409e-06, 0, 24
0.131, 0.002932153143350474, 0.8299999999999999, 0.4160703889784571, 80, 173, 2.23828484225227e-05, 0, 222
0.171, 0.005131268000863328, 0.8299999999999999, 0.4160703889784571, 46, 182, 3.000741520972707e-05, 0, 15
0.215, 0.007819075048934597, 0.8199999999999999, 0.4060703889784571, 37, 223, 3.636779092527719e-05, 0, 77
0.249, 0.01026253600172666, 0.8199999999999999, 0.4060703889784571, 46, 229, 4.121500402299862e-05, 0, 16
0.285, 0.01246165085923951, 0.8199999999999999, 0.4060703889784571, 52, 188, 4.372509073417373e-05, 0, 46
0.325, 0.01466076571675237, 0.8100000000000001, 0.3960703889784572, 53, 177, 4.511004835923806e-05, 0, 14
0.361, 0.01661553447898602, 0.8100000000000001, 0.3960703889784572, 40, 199, 4.602641129913025e-05, 0, 32
0.401, 0.01905899543177808, 0.62, 0.2060703889784571, 51, 208, 4.752866691216479e-05, 0, 20
0.455, 0.02272418686096617, 0.17, 0.2439296110215428, 51, 217, 4.994326782629928e-05, 1, 10
0.494, 0.02492330171847903, 0.09, 0.3239296110215429, 46, 172, 5.045202777020046e-05, 1, 46
0.537, 0.02736676267127109, 0.08, 0.3339296110215429, 97, 118, 5.096231409920128e-05, 1, 104
0.575, 0.02981022362406315, 0.08, 0.3339296110215429, 206, 67, 5.184386717228374e-05, 1, 158
0.62, 0.03225368457685521, 0.09, 0.3239296110215429, 192, 41, 5.202207189815356e-05, 1, 30
0.665, 0.03494149162492648, 0.08, 0.3339296110215429, 199, 51, 5.254359642846087e-05, 1, 11
0.701, 0.03738495257771854, 0.09, 0.3239296110215429, 213, 52, 5.33308881279865e-05, 1, 20
0.739, 0.0395840674352314, 0.12, 0.2939296110215428, 204, 44, 5.356436730071907e-05, 1, 19
0.779, 0.04202752838802345, 0.18, 0.2339296110215429, 198, 58, 5.395061410529327e-05, 1, 20
0.8149999999999999, 0.04422664324553631, 0.27, 0.1439296110215429, 192, 44, 5.426581993317338e-05, 1, 16
0.858, 0.04691445029360758, 0.45, 0.03607038897845711, 198, 50, 5.467884649604613e-05, 2, 7
0.8970000000000001, 0.04935791124639964, 0.6600000000000001, 0.2460703889784571, 192, 62, 5.502554208071309e-05, 2, 16
0.934, 0.05155702610391249, 0.7800000000000001, 0.3660703889784571, 140, 95, 5.520024208127676e-05, 2, 70
0.9719999999999999, 0.05400048705670456, 0.8, 0.3860703889784571, 68, 199, 5.555605664270016e-05, 2, 187
1.015, 0.05644394800949661, 0.8, 0.3860703889784571, 34, 199, 5.560980099457796e-05, 2, 48
1.054, 0.05839871677173027, 0.75, 0.3360703889784571, 46, 169, 5.540675215534181e-05, 2, 49
1.099, 0.06133086991508073, 0.6, 0.1860703889784571, 61, 203, 5.580606907650658e-05, 2, 56
1.139, 0.06377433086787279, 0.25, 0.1639296110215429, 50, 220, 5.599151085853626e-05, 3, 35
1.174, 0.06597344572538566, 0.11, 0.3039296110215429, 45, 190, 5.619543928908488e-05, 3, 37
1.212, 0.06817256058289852, 0.08, 0.3339296110215429, 105, 136, 5.624798727961924e-05, 3, 94
1.249, 0.07061602153569058, 0.08, 0.3339296110215429, 189, 75, 5.653804766668581e-05, 3, 168
1.285, 0.07257079029792423, 0.07000000000000001, 0.3439296110215429, 207, 44, 5.647532318904609e-05, 3, 58
1.328, 0.07476990515543708, 0.09, 0.3239296110215429, 180, 29, 5.63026394242749e-05, 3, 50
1.368, 0.07745771220350833, 0.11, 0.3039296110215429, 202, 71, 5.662113465168738e-05, 3, 62
1.408, 0.08014551925157962, 0.17, 0.2439296110215428, 211, 50, 5.692153355936052e-05, 3, 35
1.448, 0.08258898020437167, 0.28, 0.1339296110215429, 200, 43, 5.703658853893071e-05, 3, 17
1.49, 0.08503244115716374, 0.51, 0.09607038897845712, 196, 57, 5.706875245447231e-05, 4, 20
1.53, 0.08747590210995581, 0.7, 0.2860703889784571, 191, 52, 5.717379222872928e-05, 4, 9
1.569, 0.08991936306274784, 0.8199999999999999, 0.4060703889784571, 138, 115, 5.730998283157925e-05, 4, 106
1.607, 0.09236282401553993, 0.85, 0.4360703889784571, 64, 207, 5.747531052616051e-05, 4, 177
1.641, 0.09431759277777358, 0.86, 0.4460703889784571, 53, 208, 5.747568115647384e-05, 4, 26
1.681, 0.09651670763528644, 0.84, 0.4260703889784571, 32, 162, 5.741624487524476e-05, 4, 77
1.721, 0.09871582249279928, 0.8, 0.3860703889784571, 58, 199, 5.735957146589151e-05, 4, 58
1.762, 0.1016479756361497, 0.5699999999999999, 0.1560703889784571, 62, 223, 5.768897595695218e-05, 4, 33
1.798, 0.1038470904936626, 0.3, 0.1139296110215429, 53, 199, 5.775700249925618e-05, 5, 25
1.839, 0.1062905514464547, 0.16, 0.2539296110215429, 40, 188, 5.779801601221025e-05, 5, 31
1.873, 0.1084896663039675, 0.1, 0.3139296110215429, 96, 151, 5.792293983126937e-05, 5, 94
1.911, 0.1104444350662012, 0.09, 0.3239296110215429, 191, 73, 5.779405288655216e-05, 5, 169
1.945, 0.112643549923714, 0.09, 0.3239296110215429, 212, 34, 5.791442155460875e-05, 5, 57
1.986, 0.1150870108765061, 0.12, 0.2939296110215428, 168, 64, 5.794914948464555e-05, 5, 66
2.022, 0.1172861257340189, 0.17, 0.2439296110215428, 199, 77, 5.800500778141392e-05, 5, 40
2.062, 0.119729586686811, 0.27, 0.1439296110215429, 223, 44, 5.806478500815277e-05, 5, 58
2.105, 0.1224173937348823, 0.43, 0.01607038897845712, 194, 39, 5.815553146550227e-05, 5, 31
2.146, 0.1248608546876743, 0.58, 0.1660703889784571, 191, 61, 5.818306369416325e-05, 6, 27
2.186, 0.1273043156404664, 0.7199999999999999, 0.3060703889784571, 199, 56, 5.823619196727648e-05, 6, 13
2.226, 0.1297477765932584, 0.79, 0.3760703889784571, 137, 110, 5.828741086848988e-05, 6, 88
2.261, 0.1319468914507713, 0.8100000000000001, 0.3960703889784572, 53, 196, 5.835775827101783e-05, 6, 173
2.305, 0.1343903524035634, 0.8100000000000001, 0.3960703889784572, 38, 218, 5.83038405221533e-05, 6, 61
2.339, 0.136345121165797, 0.7800000000000001, 0.3660703889784571, 52, 169, 5.829205693279052e-05, 6, 58
2.379, 0.1385442360233099, 0.77, 0.3560703889784571, 53, 181, 5.823633292278684e-05, 6, 14
2.418, 0.1409876969761019, 0.6899999999999999, 0.2760703889784571, 56, 214, 5.830756698763522e-05, 6, 41
2.455, 0.1436755040241732, 0.5300000000000001, 0.1160703889784571, 49, 213, 5.852362689375691e-05, 6, 3
2.499, 0.1461189649769653, 0.28, 0.1339296110215429, 40, 199, 5.847097438053833e-05, 7, 29
2.537, 0.1485624259297573, 0.18, 0.2339296110215429, 65, 190, 5.855830742205649e-05, 7, 16
2.577, 0.1510058868825494, 0.12, 0.2939296110215428, 121, 132, 5.859755020665479e-05, 7, 121
2.615, 0.1532050017400622, 0.1, 0.3139296110215429, 178, 59, 5.858699875336988e-05, 7, 139
2.655, 0.1551597705022959, 0.11, 0.3039296110215429, 183, 45, 5.844059152628848e-05, 7, 22
2.689, 0.1573588853598088, 0.13, 0.2839296110215429, 202, 72, 5.851948135359195e-05, 7, 50
2.727, 0.16004669240788, 0.19, 0.2239296110215429, 209, 63, 5.868965618184085e-05, 7, 14
2.769, 0.1624901533606721, 0.31, 0.1039296110215429, 195, 38, 5.868188998218566e-05, 7, 38
2.807, 0.1649336143134641, 0.48, 0.06607038897845712, 201, 48, 5.875796733646745e-05, 8, 16
2.847, 0.1673770752662562, 0.63, 0.2160703889784571, 188, 71, 5.879068326879389e-05, 8, 33
2.884, 0.1695761901237691, 0.76, 0.3460703889784571, 132, 104, 5.879895635359538e-05, 8, 65
2.922, 0.1717753049812819, 0.8, 0.3860703889784571, 71, 197, 5.878689424410743e-05, 8, 174
2.961, 0.174218765934074, 0.79, 0.3760703889784571, 44, 208, 5.883781355422965e-05, 8, 54
2.998, 0.1764178807915868, 0.76, 0.3460703889784571, 53, 165, 5.884519039078947e-05, 8, 58
3.037, 0.1786169956490997, 0.6899999999999999, 0.2760703889784571, 59, 191, 5.881363044092844e-05, 8, 27
3.079, 0.181304802697171, 0.52, 0.1060703889784571, 50, 221, 5.888431396465441e-05, 8, 40
3.121, 0.1839926097452422, 0.29, 0.1239296110215429, 51, 211, 5.895309508018014e-05, 9, 9
3.155, 0.1861917246027551, 0.16, 0.2539296110215429, 48, 205, 5.901480969976389e-05, 9, 8
3.191, 0.1881464933649887, 0.1, 0.3139296110215429, 83, 162, 5.896160870103062e-05, 9, 92
3.225, 0.1903456082225016, 0.09, 0.3239296110215429, 181, 73, 5.90218940224811e-05, 9, 169
3.267, 0.1927890691752936, 0.09, 0.3239296110215429, 212, 46, 5.901104045769625e-05, 9, 69
3.306, 0.1949881840328065, 0.09, 0.3239296110215429, 172, 47, 5.898009196394632e-05, 9, 42
3.342, 0.1969429527950401, 0.11, 0.3039296110215429, 186, 50, 5.892966869989234e-05, 9, 11
3.387, 0.1998751059383906, 0.17, 0.2439296110215428, 224, 48, 5.901243163223815e-05, 9, 46
3.429, 0.2028072590817411, 0.31, 0.1039296110215429, 216, 53, 5.914472414165677e-05, 9, 9
3.468, 0.205006373939254, 0.49, 0.07607038897845713, 180, 52, 5.911371797556343e-05, 10, 38
3.509, 0.207449834892046, 0.67, 0.2560703889784572, 181, 50, 5.911936018582104e-05, 10, 2
3.545, 0.2094046036542796, 0.77, 0.3560703889784571, 128, 110, 5.907041005762473e-05, 10, 67
3.587, 0.2123367567976301, 0.8100000000000001, 0.3960703889784572, 78, 207, 5.919619648665461e-05, 10, 180
3.625, 0.2147802177504222, 0.8, 0.3860703889784571, 47, 206, 5.924971524149578e-05, 10, 48
3.668, 0.216979332607935, 0.77, 0.3560703889784571, 50, 167, 5.915467083095285e-05, 10, 47
3.708, 0.2194227935607271, 0.7199999999999999, 0.3060703889784571, 59, 195, 5.917551066902026e-05, 10, 33
3.749, 0.2221106006087984, 0.52, 0.1060703889784571, 57, 222, 5.924529224027697e-05, 10, 34
3.79, 0.2245540615615905, 0.31, 0.1039296110215429, 41, 189, 5.924909276031411e-05, 11, 47
3.829, 0.2267531764191033, 0.15, 0.2639296110215429, 49, 198, 5.921994683183684e-05, 11, 14
3.867, 0.2291966373718954, 0.1, 0.3139296110215429, 126, 130, 5.926988295109784e-05, 11, 140
3.907, 0.2316400983246874, 0.09, 0.3239296110215429, 203, 63, 5.928848178261772e-05, 11, 142
3.942, 0.2335948670869211, 0.09, 0.3239296110215429, 186, 37, 5.925795715041123e-05, 11, 27
3.982, 0.2357939819444339, 0.11, 0.3039296110215429, 172, 50, 5.921496281879303e-05, 11, 25
4.019, 0.238237442897226, 0.15, 0.2639296110215429, 203, 64, 5.927779121603036e-05, 11, 53
4.06, 0.240680903850018, 0.25, 0.1639296110215429, 218, 50, 5.928101080049704e-05, 11, 32
4.098, 0.2431243648028101, 0.38, 0.03392961102154288, 200, 38, 5.932756583767938e-05, 11, 30
4.135, 0.2453234796603229, 0.5600000000000001, 0.1460703889784571, 193, 64, 5.932853196138402e-05, 12, 32
4.174, 0.2475225945178358, 0.6899999999999999, 0.2760703889784571, 189, 58, 5.930105283129752e-05, 12, 5
4.216, 0.2502104015659071, 0.7800000000000001, 0.3660703889784571, 135, 108, 5.934781820823223e-05, 12, 91
4.254, 0.2526538625186991, 0.8100000000000001, 0.3960703889784572, 60, 207, 5.939206923335663e-05, 12, 166
4.292, 0.254852977376212, 0.8100000000000001, 0.3960703889784572, 40, 209, 5.937860609883783e-05, 12, 52
4.329, 0.2570520922337249, 0.7800000000000001, 0.3660703889784571, 51, 167, 5.937909268508312e-05, 12, 58
4.367, 0.2592512070912377, 0.74, 0.3260703889784571, 58, 184, 5.936597368702491e-05, 12, 24
4.406, 0.2614503219487506, 0.6, 0.1860703889784571, 51, 220, 5.933961006553576e-05, 12, 40
4.449, 0.2646268211873802, 0.37, 0.04392961102154288, 53, 219, 5.948006769777034e-05, 13, 2
4.488, 0.2670702821401723, 0.18, 0.2339296110215429, 50, 175, 5.950763862303305e-05, 13, 49
4.525, 0.269025050902406, 0.11, 0.3039296110215429, 91, 143, 5.945304992318363e-05, 13, 70
4.568, 0.2717128579504773, 0.1, 0.3139296110215429, 201, 63, 5.948179902593635e-05, 13, 189
4.605, 0.2736676267127109, 0.11, 0.3039296110215429, 196, 63, 5.942836627854743e-05, 13, 11
4.647, 0.2758667415702237, 0.14, 0.2739296110215429, 173, 88, 5.936448064777786e-05, 13, 58
4.688, 0.2787988947135742, 0.22, 0.1939296110215429, 196, 70, 5.947075399180336e-05, 13, 42
4.728, 0.2812423556663663, 0.41, 0.003929611021542883, 216, 44, 5.948442378730251e-05, 13, 45
4.768, 0.2836858166191583, 0.61, 0.1960703889784571, 210, 42, 5.949786422381677e-05, 14, 5
4.805, 0.2858849314766712, 0.74, 0.3260703889784571, 185, 60, 5.949738428234571e-05, 14, 42
4.844, 0.288084046334184, 0.79, 0.3760703889784571, 134, 116, 5.947234647691659e-05, 14, 84
4.882, 0.2907718533822553, 0.8, 0.3860703889784571, 89, 189, 5.955998635441526e-05, 14, 149
4.919, 0.2932153143350474, 0.8, 0.3860703889784571, 43, 218, 5.960872419903382e-05, 14, 72
4.959, 0.295170083097281, 0.7800000000000001, 0.3660703889784571, 39, 165, 5.952209782159327e-05, 14, 57
4.999, 0.2976135440500731, 0.7800000000000001, 0.3660703889784571, 68, 181, 5.953461573316124e-05, 14, 44
5.035, 0.3000570050028651, 0.75, 0.3360703889784571, 64, 207, 5.959424131139328e-05, 14, 26
5.084, 0.3029891581462156, 0.5300000000000001, 0.1160703889784571, 38, 212, 5.959660860468443e-05, 14, 37
5.124, 0.3054326190990077, 0.28, 0.1339296110215429, 44, 204, 5.960823948068066e-05, 15, 15
5.167, 0.3078760800517997, 0.14, 0.2739296110215429, 69, 187, 5.958507452134695e-05, 15, 34
5.207, 0.3103195410045918, 0.09, 0.3239296110215429, 119, 116, 5.959660860468441e-05, 15, 126
5.244, 0.3125186558621047, 0.09, 0.3239296110215429, 192, 61, 5.959547213236168e-05, 15, 127
5.281, 0.3147177707196176, 0.09, 0.3239296110215429, 198, 45, 5.959435158485467e-05, 15, 35
5.319, 0.3169168855771304, 0.1, 0.3139296110215429, 166, 47, 5.958204278569851e-05, 15, 41
5.355, 0.318871654339364, 0.13, 0.2839296110215429, 199, 58, 5.9546527420983e-05, 15, 34
5.397, 0.3218038074827145, 0.21, 0.2039296110215429, 224, 52, 5.962642347280238e-05, 15, 40
5.438, 0.3242472684355065, 0.36, 0.05392961102154288, 195, 45, 5.962619868251315e-05, 15, 36
5.48, 0.3269350754835778, 0.55, 0.1360703889784571, 197, 55, 5.965968530722222e-05, 16, 11
5.517, 0.3291341903410907, 0.7199999999999999, 0.3060703889784571, 211, 46, 5.965818204478714e-05, 16, 27
5.558, 0.331821997389162, 0.79, 0.3760703889784571, 140, 120, 5.970169078610327e-05, 16, 141
5.595, 0.3337767661513956, 0.8199999999999999, 0.4060703889784571, 65, 198, 5.96562584720993e-05, 16, 159
5.635, 0.3362202271041876, 0.8100000000000001, 0.3960703889784572, 40, 209, 5.96664111986136e-05, 16, 45
5.677, 0.3386636880569797, 0.7800000000000001, 0.3660703889784571, 56, 164, 5.965539687457807e-05, 16, 69
5.718, 0.3411071490097718, 0.7199999999999999, 0.3060703889784571, 57, 191, 5.965497534273728e-05, 16, 26
5.755, 0.3435506099625638, 0.58, 0.1660703889784571, 55, 220, 5.969602258254801e-05, 16, 33
5.805, 0.3464827631059143, 0.31, 0.1039296110215429, 48, 200, 5.968695316208688e-05, 17, 26
5.843, 0.3486818779634271, 0.18, 0.2339296110215429, 50, 181, 5.967514598039143e-05, 17, 21
5.885, 0.3513696850114984, 0.11, 0.3039296110215429, 117, 134, 5.970597876151205e-05, 17, 114
5.922, 0.3538131459642905, 0.09, 0.3239296110215429, 194, 64, 5.974554980822196e-05, 17, 157
5.96, 0.3560122608218034, 0.11, 0.3039296110215429, 196, 39, 5.973360080902741e-05, 17, 27
6.001, 0.3584557217745954, 0.15, 0.2639296110215429, 180, 65, 5.973266485162396e-05, 17, 43
6.036, 0.3606548366321082, 0.23, 0.1839296110215429, 195, 61, 5.975063562493509e-05, 17, 16
6.077, 0.3628539514896211, 0.39, 0.02392961102154288, 215, 42, 5.970938810097435e-05, 17, 40
6.114, 0.3652974124424131, 0.58, 0.1660703889784571, 205, 41, 5.974769585253732e-05, 18, 15
6.155, 0.3679852194904845, 0.71, 0.2960703889784571, 184, 74, 5.978638821941258e-05, 18, 57
6.189, 0.3696956421574388, 0.74, 0.3260703889784571, 137, 106, 5.973430960695408e-05, 18, 73
6.228, 0.3723834492055102, 0.73, 0.3160703889784571, 87, 191, 5.979181907602925e-05, 18, 144
6.267, 0.3745825640630231, 0.74, 0.3260703889784571, 36, 215, 5.977063412526297e-05, 18, 72
6.309, 0.3767816789205359, 0.75, 0.3360703889784571, 30, 170, 5.972129955944458e-05, 18, 63
6.345, 0.3789807937780487, 0.76, 0.3460703889784571, 75, 196, 5.972904551269485e-05, 18, 70
6.385, 0.3816686008261199, 0.6800000000000001, 0.2660703889784571, 61, 211, 5.977581845358182e-05, 18, 16
6.426, 0.384112061778912, 0.54, 0.1260703889784571, 38, 206, 5.977467503562278e-05, 18, 33
6.465, 0.3865555227317041, 0.3, 0.1139296110215429, 59, 194, 5.979203754550722e-05, 19, 28
6.505, 0.3892433297797754, 0.16, 0.2539296110215429, 61, 188, 5.983756030434671e-05, 19, 9
6.539, 0.391198098542009, 0.11, 0.3039296110215429, 92, 138, 5.982537062884371e-05, 19, 74
6.579, 0.3933972133995219, 0.09, 0.3239296110215429, 189, 75, 5.979589806954277e-05, 19, 166
6.617, 0.395840674352314, 0.09, 0.3239296110215429, 219, 41, 5.982177336441196e-05, 19, 69
6.655, 0.3977954431145476, 0.1, 0.3139296110215429, 168, 49, 5.977392082863226e-05, 19, 51
6.691, 0.3999945579720605, 0.13, 0.2839296110215429, 194, 58, 5.978098310746681e-05, 19, 29
6.729, 0.4024380189248525, 0.19, 0.2239296110215429, 217, 56, 5.980651195197689e-05, 19, 29
6.768, 0.4048814798776446, 0.36, 0.05392961102154288, 210, 46, 5.98229136935054e-05, 19, 15
6.807, 0.4075692869257159, 0.5899999999999999, 0.1760703889784571, 203, 47, 5.987502378811751e-05, 20, 10
6.847, 0.4097684017832287, 0.73, 0.3160703889784571, 180, 67, 5.984641474853639e-05, 20, 40
6.886, 0.4119675166407416, 0.79, 0.3760703889784571, 135, 102, 5.982682495508881e-05, 20, 83
6.924, 0.4144109775935336, 0.79, 0.3760703889784571, 67, 192, 5.985138324574431e-05, 20, 160
6.959, 0.4166100924510464, 0.8, 0.3860703889784571, 53, 219, 5.986637339431619e-05, 20, 39
6.997, 0.4188092073085593, 0.8, 0.3860703889784571, 40, 174, 5.985553913227944e-05, 20, 57
7.031, 0.4207639760707929, 0.79, 0.3760703889784571, 54, 182, 5.984411549861939e-05, 20, 15
7.075, 0.4234517831188642, 0.6899999999999999, 0.2760703889784571, 58, 217, 5.985184213694195e-05, 20, 48
7.121, 0.4261395901669355, 0.45, 0.03607038897845711, 48, 202, 5.984266116654058e-05, 20, 29
7.162, 0.4288273972150068, 0.26, 0.1539296110215429, 45, 202, 5.987536961952063e-05, 21, 3
7.204, 0.4312708581677988, 0.15, 0.2639296110215429, 60, 187, 5.986547170569111e-05, 21, 20
7.241, 0.4337143191205909, 0.1, 0.3139296110215429, 126, 122, 5.989701962720493e-05, 21, 124
7.279, 0.4359134339781037, 0.09, 0.3239296110215429, 187, 62, 5.988644511307923e-05, 21, 137
7.315, 0.4381125488356165, 0.09, 0.3239296110215429, 201, 44, 5.989235117370014e-05, 21, 33
7.355, 0.4403116636931294, 0.1, 0.3139296110215429, 171, 52, 5.986562388757708e-05, 21, 39
7.389, 0.4420220863600839, 0.11, 0.3039296110215429, 189, 52, 5.982163843011015e-05, 21, 16
7.425, 0.4444655473128759, 0.16, 0.2539296110215429, 215, 43, 5.986067977277791e-05, 21, 32
7.464, 0.446909008265668, 0.29, 0.1239296110215429, 220, 53, 5.987526906024492e-05, 21, 23
7.505, 0.4495968153137392, 0.48, 0.06607038897845712, 192, 57, 5.990630450549491e-05, 22, 37
7.546, 0.4520402762665314, 0.63, 0.2160703889784571, 179, 48, 5.990462182169777e-05, 22, 20
7.588, 0.4544837372193234, 0.76, 0.3460703889784571, 126, 144, 5.989506289131832e-05, 22, 144
7.629, 0.4571715442673947, 0.7800000000000001, 0.3660703889784571, 55, 197, 5.992548751702643e-05, 22, 134
7.665, 0.4593706591249076, 0.77, 0.3560703889784571, 43, 194, 5.99309405251021e-05, 22, 18
7.707, 0.4615697739824204, 0.7199999999999999, 0.3060703889784571, 42, 177, 5.988968132638125e-05, 22, 23
7.745, 0.4637688888399333, 0.65, 0.2360703889784571, 61, 206, 5.987977906261243e-05, 22, 37
7.788, 0.4669453880785629, 0.44, 0.02607038897845712, 58, 215, 5.995703493561414e-05, 22, 18
7.825, 0.4689001568407965, 0.28, 0.1339296110215429, 48, 188, 5.992334272725834e-05, 23, 34
7.867, 0.4715879638888678, 0.16, 0.2539296110215429, 57, 185, 5.994508248237801e-05, 23, 11
7.907, 0.4740314248416599, 0.1, 0.3139296110215429, 119, 128, 5.995085681568987e-05, 23, 112
7.944, 0.4759861936038936, 0.09, 0.3239296110215429, 195, 70, 5.991769808709638e-05, 23, 124
7.983, 0.4784296545566856, 0.09, 0.3239296110215429, 195, 52, 5.99310603227716e-05, 23, 45
8.023999999999999, 0.4808731155094776, 0.11, 0.3039296110215429, 184, 42, 5.992935138453111e-05, 23, 29
8.063000000000001, 0.4830722303669905, 0.18, 0.2339296110215429, 200, 62, 5.991222006287864e-05, 23, 34
8.103999999999999, 0.4857600374150618, 0.3, 0.1139296110215429, 207, 47, 5.994077460699183e-05, 23, 19
8.146000000000001, 0.4882034983678539, 0.48, 0.06607038897845712, 200, 46, 5.993168406185292e-05, 24, 12
8.185, 0.4906469593206459, 0.67, 0.2560703889784572, 183, 55, 5.994464988645642e-05, 24, 21
8.228, 0.4935791124639963, 0.7800000000000001, 0.3660703889784571, 136, 121, 5.998773851045167e-05, 24, 104
8.266999999999999, 0.4960225734167885, 0.8, 0.3860703889784571, 63, 208, 6.000031128786603e-05, 24, 174
8.307, 0.4984660343695805, 0.8, 0.3860703889784571, 48, 195, 6.000554163591917e-05, 24, 19
8.345000000000001, 0.5004208031318141, 0.76, 0.3460703889784571, 36, 165, 5.996654321531626e-05, 24, 47
8.384, 0.502619917989327, 0.6600000000000001, 0.2460703889784571, 56, 195, 5.994989479834531e-05, 24, 47
8.420999999999999, 0.5050633789421191, 0.4699999999999999, 0.05607038897845712, 54, 221, 5.997665110344603e-05, 24, 34
8.467000000000001, 0.5077511859901903, 0.26, 0.1539296110215429, 51, 198, 5.996825156374045e-05, 25, 27
8.504, 0.5101946469429823, 0.15, 0.2639296110215429, 56, 190, 5.999466685594808e-05, 25, 6
8.545999999999999, 0.5126381078957744, 0.1, 0.3139296110215429, 120, 124, 5.998573694076462e-05, 25, 131
8.584, 0.5150815688485665, 0.09, 0.3239296110215429, 193, 60, 6.000484259652453e-05, 25, 134
8.627000000000001, 0.5175250298013586, 0.11, 0.3039296110215429, 189, 47, 5.99889915151685e-05, 25, 20
8.667, 0.5199684907541507, 0.15, 0.2639296110215429, 185, 46, 5.999405685406146e-05, 25, 6
8.702, 0.5221676056116634, 0.24, 0.1739296110215429, 205, 60, 6.00054706517655e-05, 25, 31
8.74, 0.5246110665644555, 0.39, 0.02392961102154288, 210, 55, 6.002414949250063e-05, 25, 10
8.779999999999999, 0.5268101814219684, 0.5899999999999999, 0.1760703889784571, 195, 43, 6.000115961525837e-05, 26, 24
8.824999999999999, 0.5294979884700397, 0.75, 0.3360703889784571, 184, 59, 5.999977206459373e-05, 26, 23
8.864000000000001, 0.5316971033275526, 0.8100000000000001, 0.3960703889784572, 129, 123, 5.998387898550908e-05, 26, 101
8.904999999999999, 0.5343849103756239, 0.8199999999999999, 0.4060703889784571, 58, 199, 6.00095351348258e-05, 26, 160
8.949999999999999, 0.5373170635189743, 0.8100000000000001, 0.3960703889784572, 35, 208, 6.00354260915055e-05, 26, 46
8.984999999999999, 0.5392718322812079, 0.8100000000000001, 0.3960703889784572, 58, 166, 6.001912434960578e-05, 26, 58
9.023, 0.5414709471387208, 0.79, 0.3760703889784571, 63, 196, 6.001007947896717e-05, 26, 38
9.066000000000001, 0.5444031002820713, 0.75, 0.3360703889784571, 53, 214, 6.004887494838641e-05, 26, 33
9.109, 0.5468465612348633, 0.7, 0.2860703889784571, 43, 206, 6.003365476285688e-05, 26, 18
9.144, 0.5490456760923761, 0.63, 0.2160703889784571, 49, 208, 6.004436527694401e-05, 26, 6
9.182, 0.5512447909498891, 0.55, 0.1360703889784571, 45, 193, 6.003537257132314e-05, 26, 14
9.221, 0.553443905807402, 0.4600000000000001, 0.04607038897845712, 41, 193, 6.00199442367858e-05, 26, 10
9.265000000000001, 0.5561317128554731, 0.38, 0.03392961102154288, 55, 198, 6.002500948251194e-05, 27, 18
9.298999999999999, 0.5580864816177068, 0.3, 0.1139296110215429, 59, 197, 6.001575240538841e-05, 27, 14
9.335000000000001, 0.5605299425704988, 0.24, 0.1739296110215429, 91, 144, 6.004605705093721e-05, 27, 88
9.372, 0.5627290574280117, 0.22, 0.1939296110215429, 194, 68, 6.004364675928421e-05, 27, 153
9.411, 0.5649281722855246, 0.28, 0.1339296110215429, 220, 41, 6.002849562060616e-05, 27, 73
9.449, 0.5671272871430374, 0.41, 0.003929611021542883, 162, 43, 6.001982084273863e-05, 27, 67
9.489000000000001, 0.5695707480958294, 0.6, 0.1860703889784571, 195, 57, 6.002431743026974e-05, 28, 35
9.529999999999999, 0.5722585551439007, 0.8100000000000001, 0.3960703889784572, 198, 66, 6.004811701405044e-05, 28, 23
9.571, 0.5749463621919721, 0.8199999999999999, 0.4060703889784571, 139, 117, 6.007171269375949e-05, 28, 107
9.608000000000001, 0.5773898231447641, 0.8100000000000001, 0.3960703889784572, 86, 198, 6.009469433230268e-05, 28, 145
9.647, 0.579588938002277, 0.8199999999999999, 0.4060703889784571, 40, 207, 6.007970747406208e-05, 28, 59
9.686, 0.5815437067645107, 0.8199999999999999, 0.4060703889784571, 29, 178, 6.003961457407708e-05, 28, 41
9.728, 0.5842315138125818, 0.8199999999999999, 0.4060703889784571, 70, 203, 6.005669344290521e-05, 28, 64
9.766999999999999, 0.5866749747653738, 0.8199999999999999, 0.4060703889784571, 54, 211, 6.006705997392996e-05, 28, 26
9.808, 0.589118435718166, 0.8199999999999999, 0.4060703889784571, 39, 193, 6.006509336441333e-05, 28, 35
9.848000000000001, 0.5913175505756789, 0.8299999999999999, 0.4160703889784571, 50, 200, 6.004443039964245e-05, 28, 14
9.887, 0.5940053576237501, 0.86, 0.4460703889784571, 54, 207, 6.00794333593355e-05, 28, 14
9.927, 0.5964488185765422, 0.85, 0.4360703889784571, 50, 200, 6.008349134446883e-05, 28, 8
9.962, 0.5984035873387759, 0.8100000000000001, 0.3960703889784572, 45, 197, 6.006861948793173e-05, 28, 7
10.001, 0.600847048291568, 0.8100000000000001, 0.3960703889784572, 39, 195, 6.007869695946084e-05, 28, 10
10.039, 0.6030461631490807, 0.8100000000000001, 0.3960703889784572, 48, 197, 6.007034198118147e-05, 28, 11
10.091, 0.6064670084829896, 0.8100000000000001, 0.3960703889784572, 56, 204, 6.009979273441578e-05, 28, 15
10.129, 0.6086661233405025, 0.8100000000000001, 0.3960703889784572, 50, 199, 6.009143285028161e-05, 28, 12
10.169, 0.6111095842932944, 0.8100000000000001, 0.3960703889784572, 41, 206, 6.009534706394871e-05, 28, 10
10.207, 0.6133086991508073, 0.8100000000000001, 0.3960703889784572, 41, 203, 6.008706761544111e-05, 28, 3
10.242, 0.6155078140083202, 0.79, 0.3760703889784571, 49, 197, 6.009644737437222e-05, 28, 12
10.28, 0.6179512749611122, 0.75, 0.3360703889784571, 57, 198, 6.011199172773466e-05, 28, 11
10.318, 0.6203947359139043, 0.7199999999999999, 0.3060703889784571, 52, 204, 6.012742158498781e-05, 28, 7
10.358, 0.622349504676138, 0.6800000000000001, 0.2660703889784571, 45, 196, 6.008394522843581e-05, 28, 13
10.395, 0.6250373117242093, 0.61, 0.1960703889784571, 59, 193, 6.012864951651845e-05, 28, 19
10.437, 0.6272364265817222, 0.55, 0.1360703889784571, 48, 199, 6.009738685270884e-05, 28, 18
10.477, 0.6294355414392351, 0.5, 0.08607038897845712, 32, 197, 6.00778411223857e-05, 28, 18
10.512, 0.6316346562967478, 0.44, 0.02607038897845712, 60, 196, 6.008701068271955e-05, 28, 29
10.555, 0.6345668094400983, 0.42, 0.006070388978457117, 59, 209, 6.012001984273788e-05, 28, 20
10.591, 0.636521578202332, 0.4699999999999999, 0.05607038897845712, 46, 195, 6.010023399134472e-05, 28, 20
10.632, 0.6389650391551241, 0.4699999999999999, 0.05607038897845712, 42, 198, 6.009829186936832e-05, 28, 8
10.67, 0.6414085001079161, 0.49, 0.07607038897845713, 45, 213, 6.011326149090123e-05, 28, 18
10.709, 0.643607614965429, 0.49, 0.07607038897845713, 48, 186, 6.009969324544112e-05, 28, 26
10.752, 0.646051075918221, 0.49, 0.07607038897845713, 50, 193, 6.008659560251312e-05, 28, 9
10.787, 0.648494536871013, 0.5300000000000001, 0.1160703889784571, 43, 203, 6.011815489672875e-05, 28, 21
10.825, 0.6509379978238051, 0.55, 0.1360703889784571, 52, 206, 6.013284044561711e-05, 28, 15
10.863, 0.6531371126813179, 0.48, 0.06607038897845712, 46, 190, 6.012492982429513e-05, 28, 20
10.905, 0.6558249197293893, 0.5600000000000001, 0.1460703889784571, 45, 207, 6.01398367473076e-05, 28, 18
10.947, 0.6582683806821814, 0.5699999999999999, 0.1560703889784571, 49, 207, 6.01323084573108e-05, 28, 6
10.988, 0.6607118416349733, 0.63, 0.2160703889784571, 50, 196, 6.013030957726368e-05, 28, 13
11.025, 0.6629109564924862, 0.71, 0.2960703889784571, 47, 201, 6.012797791315068e-05, 28, 9
11.062, 0.6651100713499991, 0.73, 0.3160703889784571, 48, 195, 6.012566184686305e-05, 28, 8
11.099, 0.667309186207512, 0.76, 0.3460703889784571, 53, 204, 6.01233612224085e-05, 28, 16
11.139, 0.6699969932555833, 0.79, 0.3760703889784571, 49, 209, 6.014875601540384e-05, 28, 8
11.177, 0.672196108113096, 0.8, 0.3860703889784571, 46, 208, 6.014101352000502e-05, 28, 4
11.212, 0.6743952229706089, 0.8100000000000001, 0.3960703889784572, 47, 196, 6.014941339373965e-05, 28, 15
11.25, 0.6765943378281217, 0.8199999999999999, 0.4060703889784571, 43, 182, 6.014171891805526e-05, 28, 19
11.289, 0.6787934526856346, 0.8299999999999999, 0.4160703889784571, 48, 193, 6.012874946280756e-05, 28, 16
11.325, 0.6809925675431474, 0.8299999999999999, 0.4160703889784571, 51, 197, 6.013179404354503e-05, 28, 3
11.364, 0.6834360284959395, 0.8199999999999999, 0.4060703889784571, 50, 202, 6.014044601337025e-05, 28, 11
11.399, 0.6853907972581733, 0.8100000000000001, 0.3960703889784572, 48, 200, 6.012727408177676e-05, 28, 5
11.438, 0.6878342582109652, 0.8100000000000001, 0.3960703889784572, 50, 210, 6.013588548793192e-05, 28, 15
11.474, 0.6902777191637572, 0.8100000000000001, 0.3960703889784572, 47, 199, 6.016016377581987e-05, 28, 17
11.514, 0.692232487925991, 0.8199999999999999, 0.4060703889784571, 44, 190, 6.012093867691428e-05, 28, 14
11.553, 0.694675948878783, 0.8299999999999999, 0.4160703889784571, 52, 201, 6.012948575078187e-05, 28, 17
11.591, 0.6971194098315752, 0.8299999999999999, 0.4160703889784571, 51, 208, 6.014316364693082e-05, 28, 13
11.629, 0.6995628707843671, 0.8299999999999999, 0.4160703889784571, 48, 205, 6.01567521527532e-05, 28, 8
11.671, 0.7022506778324384, 0.8299999999999999, 0.4160703889784571, 43, 211, 6.017056617534387e-05, 28, 9
11.707, 0.7044497926899512, 0.8299999999999999, 0.4160703889784571, 49, 196, 6.017338282138475e-05, 28, 18
11.749, 0.7068932536427433, 0.8299999999999999, 0.4160703889784571, 55, 199, 6.016624850138253e-05, 28, 7
11.785, 0.7090923685002562, 0.8299999999999999, 0.4160703889784571, 43, 203, 6.016905969454869e-05, 28, 17
11.825, 0.7115358294530482, 0.84, 0.4260703889784571, 46, 212, 6.01721631672768e-05, 28, 12
11.861, 0.7139792904058404, 0.8199999999999999, 0.4060703889784571, 51, 200, 6.019553919617573e-05, 28, 13
11.899, 0.7159340591680739, 0.8199999999999999, 0.4060703889784571, 47, 195, 6.016758207984486e-05, 28, 12
11.939, 0.7183775201208659, 0.8100000000000001, 0.3960703889784572, 44, 188, 6.017066086949208e-05, 28, 7
11.977, 0.7205766349783788, 0.8100000000000001, 0.3960703889784572, 53, 200, 6.0163366033095e-05, 28, 16
12.015, 0.72326444202645, 0.7, 0.2860703889784571, 47, 217, 6.019679084697879e-05, 28, 19
12.055, 0.7254635568839629, 0.33, 0.08392961102154288, 44, 190, 6.017947381866138e-05, 29, 34
12.098, 0.7279070178367552, 0.11, 0.3039296110215429, 64, 174, 6.016754982945571e-05, 29, 35
12.138, 0.7305948248848263, 0.08, 0.3339296110215429, 122, 123, 6.019070892114239e-05, 29, 116
12.175, 0.73254959364706, 0.08, 0.3339296110215429, 185, 68, 6.016834444739713e-05, 29, 114
12.217, 0.7352374006951312, 0.08, 0.3339296110215429, 199, 38, 6.018150124376945e-05, 29, 47
12.257, 0.7374365155526441, 0.09, 0.3239296110215429, 197, 59, 6.016451950335679e-05, 29, 19
12.295, 0.7398799765054362, 0.09, 0.3239296110215429, 213, 59, 6.017730593781506e-05, 29, 26
12.332, 0.7420790913629491, 0.12, 0.2939296110215428, 209, 37, 6.017508038947041e-05, 29, 19
12.369, 0.7442782062204618, 0.18, 0.2339296110215429, 182, 45, 6.01728681559109e-05, 29, 35
12.409, 0.7467216671732539, 0.33, 0.08392961102154288, 195, 67, 6.017581329464534e-05, 29, 35
12.445, 0.7486764359354876, 0.55, 0.1360703889784571, 205, 56, 6.015881365492066e-05, 30, 20
12.485, 0.7511198968882797, 0.74, 0.3260703889784571, 188, 58, 6.016178589413535e-05, 30, 28
12.527, 0.7540520500316302, 0.7800000000000001, 0.3660703889784571, 140, 139, 6.019414465008622e-05, 30, 157
12.565, 0.7562511648891429, 0.77, 0.3560703889784571, 57, 195, 6.018712016626685e-05, 30, 109
12.602, 0.7584502797466558, 0.7800000000000001, 0.3660703889784571, 44, 202, 6.018491348568924e-05, 30, 51
12.645, 0.7608937406994479, 0.7800000000000001, 0.3660703889784571, 39, 178, 6.017348680897177e-05, 30, 30
12.685, 0.7633372016522398, 0.6800000000000001, 0.2660703889784571, 68, 207, 6.017636591661331e-05, 30, 51
12.729, 0.7662693547955905, 0.39, 0.02392961102154288, 54, 222, 6.019870805213218e-05, 30, 30
12.765, 0.7684684696531034, 0.17, 0.2439296110215428, 46, 188, 6.020121188038412e-05, 31, 38
12.807, 0.7706675845106162, 0.1, 0.3139296110215429, 59, 175, 6.01754965652078e-05, 31, 15
12.847, 0.7733553915586873, 0.08, 0.3339296110215429, 127, 130, 6.019735281067076e-05, 31, 129
12.887, 0.7755545064162002, 0.08, 0.3339296110215429, 191, 76, 6.01811520459533e-05, 31, 120
12.925, 0.7779979673689924, 0.09, 0.3239296110215429, 197, 48, 6.019326633415801e-05, 31, 37
12.967, 0.7804414283217843, 0.09, 0.3239296110215429, 201, 53, 6.018673774364034e-05, 31, 11
13.007, 0.7828848892745764, 0.11, 0.3039296110215429, 198, 44, 6.018950482621484e-05, 31, 14
13.045, 0.7853283502273685, 0.2, 0.2139296110215429, 200, 45, 6.020148334437474e-05, 31, 3
13.085, 0.7875274650848814, 0.37, 0.04392961102154288, 194, 55, 6.018551510010556e-05, 31, 14
13.128, 0.7902152721329526, 0.5899999999999999, 0.1760703889784571, 201, 51, 6.019311944949365e-05, 32, 9
13.167, 0.7926587330857446, 0.7800000000000001, 0.3660703889784571, 193, 48, 6.02004050342329e-05, 32, 11
13.204, 0.7948578479432575, 0.8199999999999999, 0.4060703889784571, 133, 117, 6.019826173456964e-05, 32, 97
13.242, 0.7975456549913288, 0.8299999999999999, 0.4160703889784571, 70, 212, 6.022848927588951e-05, 32, 182
13.281, 0.7997447698488417, 0.84, 0.4260703889784571, 35, 197, 6.021721028904762e-05, 32, 38
13.318, 0.8016995386110754, 0.84, 0.4260703889784571, 56, 162, 6.019669159116048e-05, 32, 52
13.357, 0.8043873456591465, 0.79, 0.3760703889784571, 67, 196, 6.022215659647724e-05, 32, 61
13.399, 0.8068308066119386, 0.65, 0.2360703889784571, 40, 216, 6.021574793730418e-05, 32, 55
13.44, 0.8092742675647306, 0.42, 0.006070388978457117, 54, 200, 6.021385919380436e-05, 32, 32
13.478, 0.8114733824222435, 0.21, 0.2039296110215429, 56, 199, 6.020725496529481e-05, 33, 4
13.52, 0.814405535565594, 0.12, 0.2939296110215428, 51, 186, 6.023709582585754e-05, 33, 13
13.559, 0.8166046504231069, 0.07000000000000001, 0.3439296110215429, 103, 123, 6.022602333675838e-05, 33, 112
13.596, 0.8185594191853404, 0.09, 0.3239296110215429, 191, 76, 6.020590020486471e-05, 33, 139
13.638, 0.8212472262334117, 0.09, 0.3239296110215429, 196, 50, 6.021757048199236e-05, 33, 43
13.679, 0.8234463410909246, 0.08, 0.3339296110215429, 181, 39, 6.019784641354811e-05, 33, 40
13.717, 0.8258898020437167, 0.1, 0.3139296110215429, 197, 60, 6.02092149918872e-05, 33, 42
13.756, 0.8283332629965088, 0.15, 0.2639296110215429, 213, 53, 6.021614299189508e-05, 33, 23
13.797, 0.8307767239493009, 0.29, 0.1239296110215429, 207, 47, 6.021430194602456e-05, 33, 10
13.835, 0.8332201849020928, 0.51, 0.09607038897845712, 202, 54, 6.022552836299911e-05, 34, 15
13.877, 0.8356636458548849, 0.67, 0.2560703889784572, 195, 55, 6.021933024824422e-05, 34, 4
13.919, 0.8383514529029561, 0.77, 0.3560703889784571, 134, 124, 6.023072439851687e-05, 34, 126
13.955, 0.840550567760469, 0.79, 0.3760703889784571, 54, 212, 6.023293212185376e-05, 34, 166
13.995, 0.8429940287132611, 0.7800000000000001, 0.3660703889784571, 33, 194, 6.023537182659958e-05, 34, 31
14.036, 0.8449487974754948, 0.73, 0.3160703889784571, 55, 154, 6.019868890535016e-05, 34, 76
14.073, 0.8473922584282867, 0.64, 0.2260703889784571, 76, 206, 6.021404522335585e-05, 34, 67
14.117, 0.8503244115716374, 0.44, 0.02607038897845712, 59, 224, 6.023407321467998e-05, 34, 50
14.155, 0.8527678725244295, 0.23, 0.1839296110215429, 40, 199, 6.024499276046834e-05, 35, 46
14.195, 0.8552113334772214, 0.13, 0.2839296110215429, 52, 187, 6.024736410547527e-05, 35, 20
14.232, 0.8571661022394551, 0.09, 0.3239296110215429, 122, 119, 6.022808475544233e-05, 35, 112
14.275, 0.8600982553828056, 0.09, 0.3239296110215429, 198, 67, 6.025206692699163e-05, 35, 158
14.311, 0.8620530241450394, 0.08, 0.3339296110215429, 182, 44, 6.023709203724684e-05, 35, 33
14.352, 0.864007792907273, 0.09, 0.3239296110215429, 184, 42, 6.020121188038412e-05, 35, 14
14.389, 0.8666955999553442, 0.12, 0.2939296110215428, 210, 59, 6.023320591808633e-05, 35, 51
14.429, 0.8691390609081362, 0.19, 0.2239296110215429, 205, 55, 6.0235571481609e-05, 35, 5
14.468, 0.8715825218609282, 0.34, 0.07392961102154288, 200, 44, 6.024208749384353e-05, 35, 20
14.508, 0.8740259828137203, 0.5300000000000001, 0.1160703889784571, 199, 49, 6.024441568884203e-05, 36, 6
14.548, 0.876225097671233, 0.71, 0.2960703889784571, 188, 61, 6.022993522623268e-05, 36, 19
14.587, 0.8786685586240251, 0.8, 0.3860703889784571, 139, 104, 6.023641315034107e-05, 36, 96
14.626, 0.8811120195768174, 0.8100000000000001, 0.3960703889784572, 74, 195, 6.024285652788304e-05, 36, 130
14.667, 0.8837998266248887, 0.8199999999999999, 0.4060703889784571, 53, 217, 6.025770959466072e-05, 36, 71
14.701, 0.8857545953871222, 0.8100000000000001, 0.3960703889784572, 36, 175, 6.025131592321081e-05, 36, 60
14.744, 0.8881980563399143, 0.76, 0.3460703889784571, 53, 180, 6.024132232365127e-05, 36, 16
14.781, 0.8906415172927064, 0.63, 0.2160703889784571, 61, 220, 6.025583636375796e-05, 36, 54
14.819, 0.8930849782454985, 0.4, 0.01392961102154288, 51, 219, 6.026621082701253e-05, 36, 16
14.858, 0.8952840931030112, 0.23, 0.1839296110215429, 38, 180, 6.025602995712823e-05, 37, 48
14.9, 0.8974832079605241, 0.14, 0.2739296110215429, 60, 185, 6.023377234634389e-05, 37, 16
14.939, 0.9001710150085954, 0.09, 0.3239296110215429, 114, 127, 6.025644387232045e-05, 37, 113
14.979, 0.9023701298661083, 0.08, 0.3339296110215429, 193, 68, 6.024234794486335e-05, 37, 141
15.017, 0.9048135908189003, 0.08, 0.3339296110215429, 198, 44, 6.025261975220753e-05, 37, 32
15.057, 0.9070127056764132, 0.11, 0.3039296110215429, 189, 52, 6.023860700514135e-05, 37, 19
15.101, 0.9097005127244843, 0.18, 0.2339296110215429, 202, 57, 6.024107759250939e-05, 37, 19
15.14, 0.9121439736772764, 0.29, 0.1239296110215429, 208, 50, 6.024729020325472e-05, 37, 14
15.179, 0.9145874346300685, 0.4600000000000001, 0.04607038897845712, 191, 42, 6.025347088939117e-05, 38, 22
15.219, 0.9167865494875814, 0.63, 0.2160703889784571, 186, 53, 6.023960506521988e-05, 38, 18
15.257, 0.9192300104403733, 0.76, 0.3460703889784571, 145, 120, 6.024972212363986e-05, 38, 78
15.294, 0.9219178174884448, 0.75, 0.3360703889784571, 67, 197, 6.02797056027491e-05, 38, 181
15.332, 0.9238725862506783, 0.73, 0.3160703889784571, 39, 200, 6.025779978154699e-05, 38, 41
15.371, 0.9260717011081912, 0.6800000000000001, 0.2660703889784571, 43, 173, 6.024798003436285e-05, 38, 33
15.41, 0.9285151620609833, 0.55, 0.1360703889784571, 72, 191, 6.025406632452844e-05, 38, 43
15.451, 0.9312029691090546, 0.37, 0.04392961102154288, 54, 201, 6.026813598531192e-05, 39, 32
15.497, 0.9336464300618466, 0.19, 0.2239296110215429, 39, 209, 6.024691424545697e-05, 39, 26
15.533, 0.9358455449193595, 0.11, 0.3039296110215429, 121, 130, 6.024886016348159e-05, 39, 121
15.573, 0.9382890058721514, 0.1, 0.3139296110215429, 199, 72, 6.025101174289807e-05, 39, 178
15.615, 0.9407324668249435, 0.12, 0.2939296110215428, 187, 32, 6.02454349551677e-05, 39, 50
15.655, 0.9431759277777356, 0.2, 0.2139296110215429, 191, 63, 6.024758401646347e-05, 39, 33
15.691, 0.9453750426352485, 0.35, 0.06392961102154287, 206, 57, 6.024950880347005e-05, 39, 21
15.732, 0.9480628496833198, 0.51, 0.09607038897845712, 198, 42, 6.026333903402746e-05, 40, 22
15.773, 0.9502619645408325, 0.6899999999999999, 0.2760703889784571, 186, 67, 6.024611453374961e-05, 40, 27
15.811, 0.952949771588904, 0.7800000000000001, 0.3660703889784571, 152, 127, 6.027131564030763e-05, 40, 75
15.849, 0.9556375786369752, 0.8, 0.3860703889784571, 72, 194, 6.029639590112784e-05, 40, 168
15.888, 0.9578366934944881, 0.79, 0.3760703889784571, 40, 189, 6.02868009500559e-05, 40, 54
15.928, 0.9595471161614423, 0.75, 0.3360703889784571, 26, 161, 6.024278730295344e-05, 40, 46
15.967, 0.9622349232095136, 0.63, 0.2160703889784571, 79, 197, 6.026397715347365e-05, 40, 91
16.005, 0.9646783841623058, 0.45, 0.03607038897845711, 63, 212, 6.027356352154364e-05, 40, 35
16.047, 0.9671218451150978, 0.23, 0.1839296110215429, 38, 209, 6.026807784103557e-05, 41, 35
16.085, 0.9693209599726107, 0.13, 0.2839296110215429, 51, 204, 6.026241591374639e-05, 41, 7
16.121, 0.9720087670206821, 0.09, 0.3239296110215429, 115, 133, 6.029457025126741e-05, 41, 132
16.161, 0.9739635357829156, 0.08, 0.3339296110215429, 179, 60, 6.026629142892864e-05, 41, 126
16.205, 0.9764069967357077, 0.08, 0.3339296110215429, 195, 44, 6.025344009476753e-05, 41, 57
16.244, 0.9788504576884998, 0.11, 0.3039296110215429, 191, 46, 6.025920079343141e-05, 41, 4
16.285, 0.9815382647365711, 0.18, 0.2339296110215429, 210, 59, 6.027253698106055e-05, 41, 28
16.326, 0.9839817256893632, 0.29, 0.1239296110215429, 204, 46, 6.027083950075727e-05, 41, 9
16.367, 0.9864251866421551, 0.5, 0.08607038897845712, 186, 46, 6.026915052496824e-05, 42, 25
16.407, 0.9888686475949472, 0.63, 0.2160703889784571, 187, 57, 6.02711432678093e-05, 42, 14
16.447, 0.9915564546430184, 0.76, 0.3460703889784571, 133, 124, 6.028798289311234e-05, 42, 108
16.486, 0.9939999155958107, 0.79, 0.3760703889784571, 64, 199, 6.029357731383056e-05, 42, 157
16.523, 0.9959546843580442, 0.79, 0.3760703889784571, 45, 205, 6.027686766071804e-05, 42, 31
16.559, 0.998153799215557, 0.75, 0.3360703889784571, 42, 169, 6.027862788909698e-05, 42, 41
16.595, 1.00035291407307, 0.6899999999999999, 0.2760703889784571, 59, 192, 6.028038048045012e-05, 42, 41
16.638, 1.002796375025862, 0.4699999999999999, 0.05607038897845712, 48, 216, 6.027144939451028e-05, 42, 41
16.678, 1.005484182073933, 0.31, 0.1039296110215429, 48, 215, 6.028805504700403e-05, 43, 4
16.718, 1.007683296931446, 0.19, 0.2239296110215429, 60, 181, 6.02753497386916e-05, 43, 41
16.759, 1.010371103979517, 0.11, 0.3039296110215429, 112, 125, 6.028826922725205e-05, 43, 110
16.798, 1.01257021883703, 0.09, 0.3239296110215429, 207, 77, 6.027921293231517e-05, 43, 143
16.836, 1.015258025885101, 0.1, 0.3139296110215429, 197, 38, 6.030280505375989e-05, 43, 47
16.873, 1.017212794647335, 0.12, 0.2939296110215428, 164, 52, 6.02864217772379e-05, 43, 54
16.912, 1.019411909504848, 0.15, 0.2639296110215429, 196, 59, 6.027743078907568e-05, 43, 36
16.955, 1.022344062648198, 0.22, 0.1939296110215429, 223, 49, 6.029749705975808e-05, 43, 45
16.992, 1.024298831410432, 0.38, 0.03392961102154288, 199, 39, 6.028124007829756e-05, 43, 32
17.031, 1.026742292363224, 0.5600000000000001, 0.1460703889784571, 192, 47, 6.028667091557889e-05, 44, 9
17.072, 1.029185753316016, 0.6800000000000001, 0.2660703889784571, 188, 68, 6.028501366658952e-05, 44, 28
17.11, 1.031629214268808, 0.76, 0.3460703889784571, 147, 111, 6.029393420624245e-05, 44, 75
17.152, 1.03431702131688, 0.7800000000000001, 0.3660703889784571, 76, 197, 6.030299797789644e-05, 44, 164
17.189, 1.036271790079113, 0.74, 0.3260703889784571, 59, 200, 6.028691547379795e-05, 44, 27
17.229, 1.038715251031905, 0.55, 0.1360703889784571, 31, 182, 6.028877189807332e-05, 44, 51
17.271, 1.041403058079976, 0.23, 0.1839296110215429, 67, 200, 6.029778577268116e-05, 45, 55
17.309, 1.043846519032769, 0.09, 0.3239296110215429, 59, 202, 6.030657571395047e-05, 45, 14
17.345, 1.045801287795002, 0.08, 0.3339296110215429, 86, 138, 6.029410710838872e-05, 45, 78
17.385, 1.048489094843073, 0.08, 0.3339296110215429, 193, 69, 6.030998532315637e-05, 45, 172
17.424, 1.050443863605307, 0.09, 0.3239296110215429, 190, 56, 6.02871822546664e-05, 45, 36
17.468, 1.052887324558099, 0.08, 0.3339296110215429, 198, 32, 6.02752074970288e-05, 45, 25
17.509, 1.055575131606171, 0.07000000000000001, 0.3439296110215429, 202, 64, 6.02875739109127e-05, 45, 41
17.545, 1.057774246463683, 0.08, 0.3339296110215429, 209, 45, 6.028921324956872e-05, 45, 18
17.587, 1.060217707416475, 0.08, 0.3339296110215429, 192, 38, 6.028417054736313e-05, 45, 36
17.625, 1.062416822273988, 0.08, 0.3339296110215429, 192, 61, 6.02789686396589e-05, 45, 24
17.665, 1.065104629322059, 0.08, 0.3339296110215429, 212, 50, 6.029462945497082e-05, 45, 25
17.704, 1.067548090274852, 0.09, 0.3239296110215429, 210, 44, 6.029982434900879e-05, 45, 13
17.745, 1.069991551227644, 0.12, 0.2939296110215428, 192, 45, 6.029819956199739e-05, 45, 21
17.781, 1.072190666085156, 0.19, 0.2239296110215429, 193, 55, 6.029979562933223e-05, 45, 11
17.825, 1.074634127037948, 0.31, 0.1039296110215429, 196, 46, 6.028802956734634e-05, 45, 13
17.866, 1.07732193408602, 0.51, 0.09607038897845712, 198, 49, 6.030011944957012e-05, 46, 6
17.904, 1.079521048943533, 0.7199999999999999, 0.3060703889784571, 204, 49, 6.029496475332509e-05, 46, 5
17.942, 1.082208855991604, 0.8199999999999999, 0.4060703889784571, 160, 115, 6.031706922258411e-05, 46, 84
17.981, 1.084652316944396, 0.84, 0.4260703889784571, 87, 194, 6.03221354176295e-05, 46, 177
18.019, 1.08660708570663, 0.8199999999999999, 0.4060703889784571, 43, 208, 6.030340672105165e-05, 46, 62
18.06, 1.088806200564143, 0.63, 0.2160703889784571, 33, 174, 6.028827245648629e-05, 46, 47
18.104, 1.091738353707493, 0.18, 0.2339296110215429, 63, 197, 6.030370932984384e-05, 47, 49
18.144, 1.094426160755564, 0.09, 0.3239296110215429, 54, 221, 6.031890215804477e-05, 47, 38
18.184, 1.096625275613077, 0.09, 0.3239296110215429, 103, 128, 6.03071533003232e-05, 47, 128
18.225, 1.099313082661148, 0.1, 0.3139296110215429, 194, 63, 6.031896201158565e-05, 47, 178
18.265, 1.101267851423382, 0.09, 0.3239296110215429, 195, 52, 6.029388729391634e-05, 47, 14
18.298, 1.103222620185616, 0.09, 0.3239296110215429, 194, 31, 6.029197836843457e-05, 47, 25
18.335, 1.105910427233687, 0.09, 0.3239296110215429, 210, 71, 6.031690358514792e-05, 47, 58
18.377, 1.108353888186479, 0.1, 0.3139296110215429, 210, 42, 6.031201437593073e-05, 47, 17
18.417, 1.110797349139271, 0.09, 0.3239296110215429, 187, 36, 6.031369653794163e-05, 47, 48
18.456, 1.112996463996784, 0.09, 0.3239296110215429, 196, 58, 6.030540008651842e-05, 47, 32
18.494, 1.115195578854297, 0.09, 0.3239296110215429, 209, 52, 6.030039898638999e-05, 47, 16
18.531, 1.117639039807089, 0.08, 0.3339296110215429, 193, 38, 6.031185795731957e-05, 47, 32
18.574, 1.12032684685516, 0.08, 0.3339296110215429, 203, 59, 6.031694017740713e-05, 47, 33
18.609, 1.122525961712673, 0.09, 0.3239296110215429, 210, 51, 6.032167025163487e-05, 47, 17
18.65, 1.124969422665465, 0.08, 0.3339296110215429, 190, 42, 6.032007628233057e-05, 47, 31
18.688, 1.127412883618257, 0.08, 0.3339296110215429, 205, 47, 6.032817228265501e-05, 47, 20
18.728, 1.129856344571049, 0.08, 0.3339296110215429, 197, 58, 6.032979199973565e-05, 47, 19
18.764, 1.132055459428562, 0.1, 0.3139296110215429, 193, 51, 6.033124384078886e-05, 47, 11
18.8, 1.134010228190796, 0.12, 0.2939296110215428, 199, 35, 6.031969298887211e-05, 47, 9
18.839, 1.136453689143588, 0.18, 0.2339296110215429, 216, 53, 6.032452301839736e-05, 47, 24
18.875, 1.138652804001101, 0.26, 0.1539296110215429, 184, 58, 6.032597637091923e-05, 47, 33
18.914, 1.140607572763334, 0.28, 0.1339296110215429, 183, 50, 6.030493670103279e-05, 47, 17
18.952, 1.142806687620847, 0.27, 0.1439296110215429, 198, 42, 6.030005738818315e-05, 47, 24
18.995, 1.145494494668918, 0.39, 0.02392961102154288, 213, 51, 6.030505368091173e-05, 47, 24
19.037, 1.148426647812269, 0.62, 0.2060703889784571, 231, 40, 6.032603077229966e-05, 48, 32
19.077, 1.15111445486034, 0.74, 0.3260703889784571, 191, 75, 6.034043376109136e-05, 48, 75
19.117, 1.153557915813132, 0.79, 0.3760703889784571, 118, 124, 6.034199486389769e-05, 48, 111
19.153, 1.155512684575366, 0.76, 0.3460703889784571, 56, 199, 6.033063669270431e-05, 48, 133
19.197, 1.158200491623437, 0.64, 0.2260703889784571, 44, 213, 6.033236920474225e-05, 48, 42
19.238, 1.160155260385671, 0.2, 0.2139296110215429, 41, 172, 6.030539871013985e-05, 49, 42
19.275, 1.162598721338463, 0.08, 0.3339296110215429, 62, 183, 6.031640577631454e-05, 49, 21
19.318, 1.165530874481813, 0.08, 0.3339296110215429, 123, 159, 6.033393076311281e-05, 49, 91
19.355, 1.167729989339326, 0.09, 0.3239296110215429, 186, 68, 6.033221334742062e-05, 49, 148
19.391, 1.169929104196839, 0.09, 0.3239296110215429, 200, 44, 6.033361374848328e-05, 49, 46
19.432, 1.172372565149631, 0.09, 0.3239296110215429, 189, 31, 6.033205872527949e-05, 49, 26
19.465, 1.174327333911865, 0.09, 0.3239296110215429, 198, 68, 6.033019953310376e-05, 49, 43
19.505, 1.176770794864657, 0.1, 0.3139296110215429, 211, 54, 6.033175056983629e-05, 49, 22
19.547, 1.179458601912728, 0.09, 0.3239296110215429, 198, 39, 6.033962254631033e-05, 49, 25
19.585, 1.181657716770241, 0.1, 0.3139296110215429, 199, 57, 6.033483363646877e-05, 49, 18
19.622, 1.184101177723033, 0.1, 0.3139296110215429, 203, 50, 6.034559054749938e-05, 49, 7
19.662, 1.186300292580546, 0.1, 0.3139296110215429, 196, 45, 6.033467056151693e-05, 49, 14
19.702, 1.188743753533338, 0.09, 0.3239296110215429, 203, 41, 6.033619701214789e-05, 49, 9
19.745, 1.19118721448613, 0.09, 0.3239296110215429, 204, 46, 6.032854973340743e-05, 49, 7
19.785, 1.193630675438922, 0.08, 0.3339296110215429, 190, 55, 6.033008215511357e-05, 49, 27
19.822, 1.196074136391714, 0.08, 0.3339296110215429, 198, 54, 6.03407394002479e-05, 49, 8
19.862, 1.198517597344506, 0.08, 0.3339296110215429, 200, 47, 6.0342241332419e-05, 49, 7
19.895, 1.200228020011461, 0.08, 0.3339296110215429, 190, 48, 6.032812364973413e-05, 49, 12
19.938, 1.202671480964253, 0.07000000000000001, 0.3439296110215429, 204, 45, 6.032056780841872e-05, 49, 19
19.977, 1.205114941917045, 0.08, 0.3339296110215429, 190, 44, 6.032512098498497e-05, 49, 15
20.014, 1.207314056774557, 0.08, 0.3339296110215429, 199, 53, 6.032347640524421e-05, 49, 16
20.053, 1.210001863822629, 0.11, 0.3039296110215429, 207, 46, 6.034019168317103e-05, 49, 15
20.098, 1.2126896708707, 0.18, 0.2339296110215429, 198, 49, 6.033882330931934e-05, 49, 7
20.137, 1.214888785728213, 0.31, 0.1039296110215429, 178, 54, 6.033117076665903e-05, 49, 29
20.175, 1.217087900585726, 0.4699999999999999, 0.05607038897845712, 195, 40, 6.032653782333213e-05, 50, 32
20.218, 1.219775707633797, 0.64, 0.2260703889784571, 208, 61, 6.033117556799867e-05, 50, 34
20.255, 1.222219168586589, 0.71, 0.2960703889784571, 134, 112, 6.034160299119175e-05, 50, 106
20.295, 1.224662629539381, 0.71, 0.2960703889784571, 59, 200, 6.034307117710673e-05, 50, 157
20.333, 1.227106090492173, 0.6800000000000001, 0.2660703889784571, 44, 213, 6.03504692122251e-05, 50, 57
20.38, 1.229549551444965, 0.35, 0.06392961102154287, 44, 167, 6.033118505618083e-05, 51, 43
20.419, 1.231993012397757, 0.09, 0.3239296110215429, 51, 188, 6.033561939359212e-05, 51, 20
20.455, 1.23443647335055, 0.07000000000000001, 0.3439296110215429, 112, 169, 6.03488864996602e-05, 51, 63
20.494, 1.236879934303342, 0.07000000000000001, 0.3439296110215429, 191, 69, 6.035327092336008e-05, 51, 172
20.535, 1.239079049160854, 0.07000000000000001, 0.3439296110215429, 194, 54, 6.033986117169975e-05, 51, 35
20.57, 1.240789471827809, 0.07000000000000001, 0.3439296110215429, 208, 20, 6.032034379328191e-05, 51, 51
20.605, 1.243232932780601, 0.07000000000000001, 0.3439296110215429, 199, 90, 6.033646846787677e-05, 51, 71
20.642, 1.245676393733393, 0.07000000000000001, 0.3439296110215429, 201, 80, 6.034669090850659e-05, 51, 4
20.68, 1.248119854686185, 0.07000000000000001, 0.3439296110215429, 205, 43, 6.035395815697219e-05, 51, 41
20.715, 1.249830277353139, 0.07000000000000001, 0.3439296110215429, 202, 40, 6.033455357726957e-05, 51, 6
20.755, 1.252518084401211, 0.09, 0.3239296110215429, 191, 72, 6.034777568784441e-05, 51, 36
20.794, 1.254961545354003, 0.17, 0.2439296110215428, 192, 69, 6.035209893979046e-05, 51, 6
20.835, 1.256916314116236, 0.31, 0.1039296110215429, 207, 58, 6.032715690502695e-05, 51, 22
20.874, 1.259359775069028, 0.52, 0.1060703889784571, 199, 30, 6.033150211119231e-05, 52, 31
20.918, 1.262291928212379, 0.63, 0.2160703889784571, 182, 81, 6.034477140321154e-05, 52, 63
20.957, 1.264735389165171, 0.65, 0.2360703889784571, 140, 123, 6.034906662046911e-05, 52, 84
20.997, 1.267423196213242, 0.64, 0.2260703889784571, 74, 197, 6.036210869234854e-05, 52, 142
21.036, 1.269622311070755, 0.6800000000000001, 0.2660703889784571, 57, 196, 6.035474002047705e-05, 52, 22
21.076, 1.27133273373771, 0.6800000000000001, 0.2660703889784571, 20, 166, 6.032134815608794e-05, 52, 73
21.116, 1.27426488688106, 0.5, 0.08607038897845712, 98, 195, 6.034594084490719e-05, 52, 109
21.158, 1.27719704002441, 0.09, 0.3239296110215429, 49, 230, 6.03647339079502e-05, 53, 84
21.195, 1.279151808786644, 0.07000000000000001, 0.3439296110215429, 39, 194, 6.035158333506223e-05, 53, 26
21.235, 1.281595269739436, 0.07000000000000001, 0.3439296110215429, 121, 126, 6.035296772966499e-05, 53, 149
21.276, 1.284038730692228, 0.06, 0.3539296110215429, 208, 62, 6.03515101848199e-05, 53, 169
21.315, 1.286237845549741, 0.08, 0.3339296110215429, 186, 45, 6.034425735630968e-05, 53, 30
21.355, 1.288436960407254, 0.08, 0.3339296110215429, 174, 36, 6.033420559153613e-05, 53, 27
21.391, 1.290880421360046, 0.08, 0.3339296110215429, 213, 66, 6.034689455191651e-05, 53, 64
21.429, 1.293323882312838, 0.07000000000000001, 0.3439296110215429, 220, 58, 6.035390742978385e-05, 53, 23
21.467, 1.29576734326563, 0.08, 0.3339296110215429, 198, 38, 6.036089547983558e-05, 53, 44
21.505, 1.297966458123143, 0.08, 0.3339296110215429, 207, 50, 6.035649654141563e-05, 53, 15
21.541, 1.300409919075935, 0.1, 0.3139296110215429, 201, 65, 6.036905988932432e-05, 53, 24
21.585, 1.302853380028727, 0.21, 0.2039296110215429, 192, 43, 6.035920222509739e-05, 53, 30
21.625, 1.305296840981519, 0.42, 0.006070388978457117, 199, 43, 6.036054755983904e-05, 53, 8
21.665, 1.307740301934311, 0.63, 0.2160703889784571, 201, 52, 6.036188792680875e-05, 54, 14
21.702, 1.309939416791824, 0.73, 0.3160703889784571, 183, 50, 6.036030857947766e-05, 54, 19
21.745, 1.312382877744616, 0.76, 0.3460703889784571, 124, 143, 6.035331698066756e-05, 54, 133
21.785, 1.315070684792687, 0.77, 0.3560703889784571, 72, 198, 6.036587949472974e-05, 54, 139
21.826, 1.31751414574548, 0.79, 0.3760703889784571, 40, 207, 6.036443442433242e-05, 54, 40
21.864, 1.319468914507713, 0.79, 0.3760703889784571, 53, 171, 6.034892583734509e-05, 54, 48
21.899, 1.321668029365226, 0.7199999999999999, 0.3060703889784571, 49, 202, 6.035289416709557e-05, 54, 33
21.941, 1.324355836413297, 0.34, 0.07392961102154288, 49, 217, 6.035986675234936e-05, 55, 15
21.98, 1.326799297366089, 0.13, 0.2839296110215429, 56, 190, 6.036393527598223e-05, 55, 28
22.019, 1.328998412223602, 0.08, 0.3339296110215429, 106, 124, 6.035689233042381e-05, 55, 98
22.058, 1.331441873176394, 0.09, 0.3239296110215429, 186, 63, 6.036095172619432e-05, 55, 161
22.097, 1.333640988033907, 0.09, 0.3239296110215429, 190, 38, 6.035393890726827e-05, 55, 33
22.131, 1.335595756796141, 0.11, 0.3039296110215429, 187, 54, 6.034954393367407e-05, 55, 22
22.169, 1.338039217748933, 0.14, 0.2739296110215429, 213, 65, 6.035631818074486e-05, 55, 37
22.209, 1.340727024797004, 0.24, 0.1739296110215429, 223, 40, 6.036863545396028e-05, 55, 39
22.245, 1.342926139654517, 0.42, 0.006070388978457117, 194, 48, 6.036979724227992e-05, 55, 30
22.285, 1.345369600607309, 0.6, 0.1860703889784571, 187, 52, 6.037108371583168e-05, 56, 20
22.323, 1.347568715464822, 0.74, 0.3260703889784571, 183, 52, 6.036682862808861e-05, 56, 6
22.365, 1.350012176417614, 0.8100000000000001, 0.3960703889784572, 135, 111, 6.036271747899011e-05, 56, 111
22.399, 1.351966945179848, 0.8199999999999999, 0.4060703889784571, 72, 185, 6.035836176525057e-05, 56, 139
22.435, 1.35416606003736, 0.8199999999999999, 0.4060703889784571, 39, 207, 6.035953020001605e-05, 56, 38
22.473, 1.356365174894873, 0.7800000000000001, 0.3660703889784571, 48, 178, 6.035532304965395e-05, 56, 46
22.513, 1.358564289752386, 0.6800000000000001, 0.2660703889784571, 60, 197, 6.034576865599369e-05, 56, 36
22.555, 1.361496442895737, 0.38, 0.03392961102154288, 49, 220, 6.036339804459042e-05, 57, 37
22.597, 1.364184249943808, 0.18, 0.2339296110215429, 57, 193, 6.037014868981759e-05, 57, 33
22.637, 1.3666277108966, 0.1, 0.3139296110215429, 118, 117, 6.037141453799531e-05, 57, 131
22.677, 1.368826825754113, 0.09, 0.3239296110215429, 194, 59, 6.036190085787859e-05, 57, 139
22.712, 1.371025940611626, 0.1, 0.3139296110215429, 185, 44, 6.036570714211102e-05, 57, 20
22.756, 1.373469401564418, 0.14, 0.2739296110215429, 193, 51, 6.035636322571706e-05, 57, 14
22.794, 1.37591286251721, 0.26, 0.1539296110215429, 219, 53, 6.036294035786653e-05, 57, 28
22.835, 1.378356323470002, 0.43, 0.01607038897845712, 206, 46, 6.036156441734189e-05, 57, 14
22.874, 1.380799784422794, 0.6, 0.1860703889784571, 195, 51, 6.036547103360994e-05, 58, 21
22.916, 1.383487591470865, 0.73, 0.3160703889784571, 196, 58, 6.037212390778778e-05, 58, 13
22.953, 1.385686706328378, 0.8299999999999999, 0.4160703889784571, 140, 117, 6.037061413882185e-05, 58, 103
22.988, 1.387885821185891, 0.86, 0.4460703889784571, 75, 194, 6.037436145753832e-05, 58, 158
23.027, 1.390329282138683, 0.86, 0.4460703889784571, 41, 214, 6.037822044290106e-05, 58, 54
23.066, 1.392284050900916, 0.8, 0.3860703889784571, 47, 167, 6.036087968875906e-05, 58, 52
23.108, 1.394971857948988, 0.6800000000000001, 0.2660703889784571, 54, 199, 6.036748563047376e-05, 58, 33
23.149, 1.397659664997059, 0.42, 0.006070388978457117, 60, 222, 6.037667566620843e-05, 58, 34
23.192, 1.400103125949851, 0.19, 0.2239296110215429, 46, 185, 6.037008994264622e-05, 59, 46
23.229, 1.402546586902643, 0.11, 0.3039296110215429, 43, 197, 6.037912036259172e-05, 59, 11
23.268, 1.404990047855435, 0.09, 0.3239296110215429, 108, 138, 6.038293140172922e-05, 59, 125
23.307, 1.407189162712948, 0.09, 0.3239296110215429, 179, 62, 6.037624587947603e-05, 59, 143
23.347, 1.409388277570461, 0.09, 0.3239296110215429, 198, 40, 6.036699694052603e-05, 59, 46
23.385, 1.411831738523253, 0.1, 0.3139296110215429, 184, 66, 6.037339057187312e-05, 59, 42
23.424, 1.414275199476045, 0.14, 0.2739296110215429, 210, 63, 6.037718576998143e-05, 59, 27
23.465, 1.416718660428837, 0.2, 0.2139296110215429, 215, 35, 6.037582188062379e-05, 59, 32
23.505, 1.41891777528635, 0.36, 0.05392961102154288, 198, 50, 6.0366635834348e-05, 59, 23
23.545, 1.421605582334421, 0.5300000000000001, 0.1160703889784571, 194, 65, 6.037823666742073e-05, 60, 25
23.587, 1.424049043287213, 0.6899999999999999, 0.2760703889784571, 183, 46, 6.037431819592205e-05, 60, 24
23.627, 1.426736850335285, 0.7800000000000001, 0.3660703889784571, 128, 130, 6.038586576100583e-05, 60, 124
23.667, 1.428935965192797, 0.8, 0.3860703889784571, 70, 202, 6.03767256176447e-05, 60, 147
23.702, 1.43113508005031, 0.79, 0.3760703889784571, 37, 201, 6.038035102735257e-05, 60, 36
23.742, 1.432845502717265, 0.75, 0.3360703889784571, 37, 163, 6.035066560177174e-05, 60, 44
23.785, 1.436022001955894, 0.65, 0.2360703889784571, 78, 204, 6.037511044590684e-05, 60, 85
23.825, 1.438709809003966, 0.39, 0.02392961102154288, 60, 222, 6.038656071370264e-05, 60, 22
23.864, 1.441153269956758, 0.17, 0.2439296110215428, 38, 212, 6.03902644132064e-05, 61, 46
23.902, 1.443352384814271, 0.11, 0.3039296110215429, 48, 185, 6.038625992863656e-05, 61, 21
23.941, 1.445551499671783, 0.08, 0.3339296110215429, 107, 117, 6.037974602864472e-05, 61, 130
23.986, 1.448239306719855, 0.08, 0.3339296110215429, 205, 66, 6.037852525305823e-05, 61, 157
24.023, 1.450194075482089, 0.07000000000000001, 0.3439296110215429, 191, 47, 6.036690153111969e-05, 61, 25
24.062, 1.452393190339602, 0.08, 0.3339296110215429, 172, 36, 6.036045176376035e-05, 61, 37
24.099, 1.455080997387673, 0.1, 0.3139296110215429, 207, 81, 6.037931023642776e-05, 61, 84
24.137, 1.457524458340465, 0.17, 0.2439296110215428, 215, 55, 6.038548528568026e-05, 61, 34
24.179, 1.459723573197977, 0.35, 0.06392961102154287, 196, 38, 6.037154444757754e-05, 61, 34
24.218, 1.462167034150769, 0.54, 0.1260703889784571, 190, 45, 6.037521819104672e-05, 62, 15
24.255, 1.464610495103561, 0.7, 0.2860703889784571, 183, 60, 6.038385879627134e-05, 62, 13
24.295, 1.466809609961075, 0.7800000000000001, 0.3660703889784571, 149, 109, 6.037495822025415e-05, 62, 65
24.335, 1.469497417009146, 0.77, 0.3560703889784571, 76, 197, 6.03861687696382e-05, 62, 169
24.375, 1.471940877961938, 0.7800000000000001, 0.3660703889784571, 48, 216, 6.038731807023334e-05, 62, 72
24.418, 1.47438433891473, 0.77, 0.3560703889784571, 40, 167, 6.038104426712794e-05, 62, 63
24.457, 1.476583453772243, 0.6800000000000001, 0.2660703889784571, 54, 182, 6.037467611613208e-05, 62, 23
24.498, 1.479271260820314, 0.45, 0.03607038897845711, 57, 230, 6.038334806189542e-05, 62, 58
24.537, 1.481959067868385, 0.15, 0.2639296110215429, 40, 198, 6.039691355375086e-05, 63, 39
24.575, 1.484158182725898, 0.09, 0.3239296110215429, 69, 187, 6.039300845273238e-05, 63, 40
24.615, 1.48660164367869, 0.07000000000000001, 0.3439296110215429, 117, 130, 6.039413543281293e-05, 63, 88
24.653, 1.488800758536203, 0.06, 0.3539296110215429, 191, 77, 6.039024696938315e-05, 63, 146
24.691, 1.490999873393716, 0.07000000000000001, 0.3439296110215429, 192, 39, 6.038637047481737e-05, 63, 47
24.728, 1.492954642155949, 0.06, 0.3539296110215429, 185, 37, 6.037506640876535e-05, 63, 19
24.77, 1.495642449204021, 0.06, 0.3539296110215429, 184, 62, 6.038120505466372e-05, 63, 27
24.807, 1.497841564061534, 0.1, 0.3139296110215429, 215, 50, 6.037979457659265e-05, 63, 41
24.847, 1.500529371109605, 0.23, 0.1839296110215429, 222, 40, 6.039076633435042e-05, 63, 19
24.885, 1.502728485967118, 0.4, 0.01392961102154288, 178, 54, 6.038691926731436e-05, 63, 52
24.927, 1.50517194691991, 0.5899999999999999, 0.1760703889784571, 192, 58, 6.038319681148593e-05, 64, 15
24.963, 1.507371061777423, 0.65, 0.2360703889784571, 199, 47, 6.038421110353013e-05, 64, 28
24.999, 1.509570176634935, 0.67, 0.2560703889784572, 147, 69, 6.038522247429638e-05, 64, 83
25.035, 1.511769291492448, 0.6800000000000001, 0.2660703889784571, 67, 192, 6.038623093638699e-05, 64, 186
25.075, 1.51421275244524, 0.73, 0.3160703889784571, 44, 206, 6.038734805364867e-05, 64, 57
25.121, 1.516900559493312, 0.76, 0.3460703889784571, 45, 173, 6.038376495733893e-05, 64, 36
25.159, 1.519099674350825, 0.77, 0.3560703889784571, 64, 197, 6.037997036252731e-05, 64, 32
25.197, 1.521543135303616, 0.74, 0.3260703889784571, 56, 220, 6.038588464117222e-05, 64, 32
25.24, 1.524230942351688, 0.5600000000000001, 0.1460703889784571, 49, 200, 6.0389498508387e-05, 64, 31
25.277, 1.526430057209201, 0.31, 0.1039296110215429, 43, 195, 6.038810211691263e-05, 65, 9
25.315, 1.528629172066713, 0.17, 0.2439296110215428, 58, 177, 6.038432439528791e-05, 65, 18
25.355, 1.531072633019505, 0.1, 0.3139296110215429, 121, 145, 6.038543218377067e-05, 65, 83
25.392, 1.533516093972298, 0.09, 0.3239296110215429, 186, 65, 6.039367099764878e-05, 65, 170
25.43, 1.535470862734531, 0.1, 0.3139296110215429, 184, 43, 6.038029346183763e-05, 65, 23
25.469, 1.537669977592044, 0.12, 0.2939296110215428, 189, 64, 6.037417949633061e-05, 65, 20
25.505, 1.540113438544836, 0.19, 0.2239296110215429, 208, 57, 6.038476528307532e-05, 65, 17
25.543, 1.542312553402349, 0.31, 0.1039296110215429, 210, 49, 6.038102624603018e-05, 65, 14
25.581, 1.544756014355141, 0.51, 0.09607038897845712, 208, 36, 6.038685017611279e-05, 66, 16
25.625, 1.547443821403212, 0.6800000000000001, 0.2660703889784571, 180, 61, 6.038805156695463e-05, 66, 49
25.665, 1.549887282356004, 0.7800000000000001, 0.3660703889784571, 130, 128, 6.038914016582911e-05, 66, 112
25.7, 1.552086397213517, 0.8, 0.3860703889784571, 65, 196, 6.039246681764659e-05, 66, 126
25.741, 1.554529858166309, 0.79, 0.3760703889784571, 44, 196, 6.039119918287204e-05, 66, 39
25.778, 1.556484626928543, 0.75, 0.3360703889784571, 45, 165, 6.038034862784324e-05, 66, 32
25.817, 1.558928087881335, 0.65, 0.2360703889784571, 70, 196, 6.038378153469942e-05, 66, 59
25.857, 1.561615894929406, 0.48, 0.06607038897845712, 51, 229, 6.039431855704088e-05, 66, 48
25.897, 1.564059355882199, 0.27, 0.1439296110215429, 42, 204, 6.039538772375944e-05, 67, 31
25.935, 1.566258470739711, 0.15, 0.2639296110215429, 57, 185, 6.039168963715872e-05, 67, 25
25.975, 1.568701931692503, 0.1, 0.3139296110215429, 108, 138, 6.039275964167481e-05, 67, 85
26.011, 1.571145392645295, 0.09, 0.3239296110215429, 197, 69, 6.040311378437183e-05, 67, 176
26.05, 1.573100161407529, 0.09, 0.3239296110215429, 191, 38, 6.038772212696848e-05, 67, 33
26.09, 1.575543622360321, 0.12, 0.2939296110215428, 187, 47, 6.038879349790422e-05, 67, 15
26.127, 1.577742737217834, 0.2, 0.2139296110215429, 203, 66, 6.038744353419197e-05, 67, 33
26.169, 1.580430544265905, 0.33, 0.08392961102154288, 219, 46, 6.03932341421493e-05, 67, 39
26.21, 1.583118351313977, 0.51, 0.09607038897845712, 206, 44, 6.040131061861796e-05, 68, 16
26.247, 1.585317466171489, 0.67, 0.2560703889784572, 191, 72, 6.03999491816775e-05, 68, 33
26.292, 1.588005273219561, 0.79, 0.3760703889784571, 132, 112, 6.039880089835542e-05, 68, 96
26.33, 1.590204388077074, 0.8299999999999999, 0.4160703889784571, 47, 203, 6.039515336411218e-05, 68, 178
26.369, 1.592403502934586, 0.8299999999999999, 0.4160703889784571, 32, 212, 6.038922609634747e-05, 68, 43
26.409, 1.594846963887379, 0.76, 0.3460703889784571, 74, 166, 6.039028224799798e-05, 68, 96
26.448, 1.59729042484017, 0.6800000000000001, 0.2660703889784571, 66, 200, 6.039361860405968e-05, 68, 40
26.486, 1.599733885792962, 0.51, 0.09607038897845712, 51, 221, 6.039922546979394e-05, 68, 41
26.525, 1.602177346745755, 0.32, 0.09392961102154288, 47, 195, 6.040253899135738e-05, 69, 30
26.562, 1.604376461603267, 0.19, 0.2239296110215429, 52, 178, 6.040119198867808e-05, 69, 17
26.602, 1.60681992255606, 0.12, 0.2939296110215428, 121, 141, 6.040222248537928e-05, 69, 90
26.642, 1.609263383508852, 0.1, 0.3139296110215429, 199, 62, 6.040324988772809e-05, 69, 140
26.682, 1.611706844461644, 0.1, 0.3139296110215429, 194, 32, 6.040427420964109e-05, 69, 67
26.725, 1.613905959319156, 0.14, 0.2739296110215429, 175, 56, 6.03893717238225e-05, 69, 47
26.759, 1.616105074176669, 0.23, 0.1839296110215429, 212, 69, 6.039482320627338e-05, 69, 48
26.8, 1.618792881224741, 0.42, 0.006070388978457117, 224, 49, 6.040271944868435e-05, 69, 38
26.841, 1.621236342177533, 0.61, 0.1960703889784571, 190, 41, 6.040148810318292e-05, 70, 42
26.885, 1.623679803130325, 0.75, 0.3360703889784571, 178, 71, 6.039352066692672e-05, 70, 25
26.922, 1.626123264083117, 0.79, 0.3760703889784571, 120, 138, 6.04012801457216e-05, 70, 117
26.961, 1.628566725035909, 0.8100000000000001, 0.3960703889784572, 56, 199, 6.040453711048954e-05, 70, 138
27.006, 1.63125453208398, 0.8, 0.3860703889784571, 41, 190, 6.040341154128638e-05, 70, 31
27.043, 1.633209300846214, 0.7800000000000001, 0.3660703889784571, 58, 170, 6.039305183767385e-05, 70, 25
27.083, 1.635897107894285, 0.71, 0.2960703889784571, 66, 201, 6.040309817576653e-05, 70, 57
27.126, 1.638829261037636, 0.4699999999999999, 0.05607038897845712, 48, 225, 6.041544131230685e-05, 70, 46
27.167, 1.641028375895148, 0.25, 0.1639296110215429, 38, 215, 6.040521131870094e-05, 71, 18
27.208, 1.64371618294322, 0.11, 0.3039296110215429, 66, 174, 6.041297349835414e-05, 71, 63
27.247, 1.646159643896012, 0.09, 0.3239296110215429, 121, 125, 6.041617953888546e-05, 71, 103
27.287, 1.648358758753524, 0.09, 0.3239296110215429, 199, 66, 6.040820752569078e-05, 71, 139
27.327, 1.650557873611037, 0.09, 0.3239296110215429, 206, 38, 6.040025885062529e-05, 71, 40
27.364, 1.65275698846855, 0.11, 0.3039296110215429, 184, 46, 6.039895440975553e-05, 71, 30
27.4, 1.655200449421342, 0.14, 0.2739296110215429, 195, 68, 6.040877552632635e-05, 71, 31
27.439, 1.657399564278855, 0.23, 0.1839296110215429, 211, 48, 6.040306003421607e-05, 71, 38
27.478, 1.659843025231647, 0.41, 0.003929611021542883, 199, 37, 6.040625319279594e-05, 71, 22
27.517, 1.66204214008916, 0.61, 0.1960703889784571, 195, 57, 6.040055747680198e-05, 72, 26
27.558, 1.664485601041952, 0.75, 0.3360703889784571, 191, 58, 6.039936138478671e-05, 72, 2
27.593, 1.666929061994744, 0.8100000000000001, 0.3960703889784572, 147, 110, 6.041130221413925e-05, 72, 80
27.63500000000001, 1.669372522947536, 0.8100000000000001, 0.3960703889784572, 66, 199, 6.040790747050973e-05, 72, 188
27.674, 1.671815983900328, 0.8100000000000001, 0.3960703889784572, 40, 198, 6.041107118234907e-05, 72, 33
27.712, 1.674015098757841, 0.8, 0.3860703889784571, 43, 174, 6.040758872538399e-05, 72, 34
27.749, 1.676214213615354, 0.77, 0.3560703889784571, 63, 190, 6.040629260929599e-05, 72, 35
27.789, 1.678657674568146, 0.6, 0.1860703889784571, 53, 219, 6.04072717466676e-05, 72, 37
27.829, 1.681345481616217, 0.39, 0.02392961102154288, 44, 214, 6.041702833792868e-05, 72, 9
27.867, 1.68354459647373, 0.19, 0.2239296110215429, 42, 190, 6.041355712756056e-05, 73, 25
27.904, 1.685743711331243, 0.11, 0.3039296110215429, 58, 175, 6.041226029713457e-05, 73, 23
27.945, 1.688187172284035, 0.09, 0.3239296110215429, 133, 129, 6.041106359935712e-05, 73, 112
27.987, 1.690874979332106, 0.09, 0.3239296110215429, 195, 77, 6.041644261021567e-05, 73, 135
28.028, 1.693074094189619, 0.09, 0.3239296110215429, 175, 36, 6.040652540993362e-05, 73, 60
28.068, 1.695028862951853, 0.09, 0.3239296110215429, 193, 46, 6.039008347412901e-05, 73, 16
28.109, 1.697961016095203, 0.13, 0.2839296110215429, 217, 56, 6.040631171849597e-05, 73, 45
28.148, 1.700648823143275, 0.22, 0.1939296110215429, 219, 55, 6.041810512801175e-05, 73, 7
28.188, 1.703092284096067, 0.38, 0.03392961102154288, 187, 50, 6.041905364325482e-05, 73, 41
28.229, 1.70529139895358, 0.58, 0.1660703889784571, 198, 38, 6.040920326450033e-05, 74, 22
28.27, 1.707734859906372, 0.73, 0.3160703889784571, 181, 71, 6.040802475791906e-05, 74, 42
28.308, 1.709933974763885, 0.8, 0.3860703889784571, 132, 133, 6.040461971046646e-05, 74, 105
28.347, 1.712621781811956, 0.8199999999999999, 0.4060703889784571, 62, 194, 6.041633265643476e-05, 74, 139
28.385, 1.714820896669468, 0.8100000000000001, 0.3960703889784572, 48, 196, 6.041292572377905e-05, 74, 22
28.427, 1.717020011526982, 0.8, 0.3860703889784571, 46, 171, 6.0401027597952e-05, 74, 28
28.463, 1.719219126384494, 0.75, 0.3360703889784571, 55, 203, 6.040189461351559e-05, 74, 38
28.505, 1.722151279527845, 0.5899999999999999, 0.1760703889784571, 54, 214, 6.041576142879652e-05, 74, 18
28.545, 1.724839086575916, 0.35, 0.06392961102154287, 50, 208, 6.042526139694924e-05, 75, 13
28.585, 1.727038201433429, 0.17, 0.2439296110215428, 56, 165, 6.041763867180091e-05, 75, 37
28.625, 1.729237316290942, 0.11, 0.3039296110215429, 119, 134, 6.041003725033858e-05, 75, 100
28.66400000000001, 1.731436431148455, 0.11, 0.3039296110215429, 186, 62, 6.040456430185789e-05, 75, 124
28.705, 1.733879892101247, 0.13, 0.2839296110215429, 190, 47, 6.040341028048237e-05, 75, 42
28.745, 1.736323353054039, 0.19, 0.2239296110215429, 195, 57, 6.040436086463866e-05, 75, 5
28.79, 1.739255506197389, 0.35, 0.06392961102154287, 215, 46, 6.04117925042511e-05, 75, 26
28.83, 1.741698967150181, 0.5699999999999999, 0.1560703889784571, 203, 43, 6.041272865592027e-05, 76, 14
28.869, 1.744142428102974, 0.7199999999999999, 0.3060703889784571, 189, 67, 6.04157548963585e-05, 76, 34
28.907, 1.746341542960486, 0.79, 0.3760703889784571, 133, 105, 6.041241024528614e-05, 76, 78
28.944, 1.748785003913278, 0.8100000000000001, 0.3960703889784572, 71, 198, 6.041960350723046e-05, 76, 175
28.982, 1.750984118770791, 0.8100000000000001, 0.3960703889784572, 43, 194, 6.041626246535062e-05, 76, 32
29.025, 1.752938887533025, 0.7800000000000001, 0.3660703889784571, 42, 165, 6.039410465230059e-05, 76, 44
29.059, 1.755626694581096, 0.7, 0.2860703889784571, 71, 197, 6.041593635641611e-05, 76, 67
29.099, 1.758070155533888, 0.5600000000000001, 0.1460703889784571, 57, 224, 6.041685815780227e-05, 76, 43
29.138, 1.76051361648668, 0.34, 0.07392961102154288, 44, 207, 6.041985093303178e-05, 77, 30
29.177, 1.762957077439473, 0.2, 0.2139296110215429, 53, 180, 6.042283570755981e-05, 77, 32
29.218, 1.765400538392264, 0.13, 0.2839296110215429, 104, 139, 6.042167630885976e-05, 77, 82
29.254, 1.767355307154498, 0.1, 0.3139296110215429, 195, 70, 6.041414190040671e-05, 77, 170
29.28900000000001, 1.769554422012011, 0.11, 0.3039296110215429, 213, 36, 6.041703103595244e-05, 77, 52
29.329, 1.771753536869523, 0.13, 0.2839296110215429, 172, 61, 6.040961290427643e-05, 77, 58
29.367, 1.774196997822316, 0.21, 0.2039296110215429, 181, 59, 6.041464902176987e-05, 77, 9
29.405, 1.776396112679828, 0.36, 0.05392961102154288, 224, 39, 6.041136244447641e-05, 77, 62
29.448, 1.7790839197279, 0.55, 0.1360703889784571, 211, 50, 6.041442270197975e-05, 78, 14
29.488, 1.781771726775971, 0.71, 0.2960703889784571, 184, 69, 6.042362068556604e-05, 78, 47
29.527, 1.784215187728763, 0.79, 0.3760703889784571, 146, 108, 6.042656510071335e-05, 78, 83
29.567, 1.786658648681555, 0.8, 0.3860703889784571, 55, 198, 6.042745793220669e-05, 78, 146
29.607, 1.789102109634347, 0.8, 0.3860703889784571, 34, 211, 6.042834835121246e-05, 78, 69
29.645, 1.791056878396581, 0.7800000000000001, 0.3660703889784571, 58, 161, 6.041682841614373e-05, 78, 74
29.683, 1.793255993254094, 0.71, 0.2960703889784571, 59, 197, 6.041356982966998e-05, 78, 32
29.725, 1.795943800302165, 0.5, 0.08607038897845712, 46, 221, 6.041863079233524e-05, 78, 43
29.765, 1.798631607350236, 0.26, 0.1539296110215429, 49, 206, 6.042773752226562e-05, 79, 19
29.802, 1.800830722207749, 0.14, 0.2739296110215429, 54, 185, 6.042650567773133e-05, 79, 23
29.847, 1.803274183160541, 0.1, 0.3139296110215429, 117, 121, 6.041726750294975e-05, 79, 122
29.885, 1.805717644113333, 0.16, 0.2539296110215429, 203, 73, 6.042220659572807e-05, 79, 131
29.926, 1.807916758970846, 0.22, 0.1939296110215429, 208, 33, 6.041291047820778e-05, 79, 59
29.96, 1.80987152773308, 0.24, 0.1739296110215429, 165, 52, 6.040959705384111e-05, 79, 63
29.999, 1.812314988685872, 0.27, 0.1439296110215429, 189, 65, 6.041251337330817e-05, 79, 35
30.035, 1.814758449638664, 0.39, 0.02392961102154288, 223, 51, 6.042145662189658e-05, 79, 51
30.077, 1.817446256686735, 0.63, 0.2160703889784571, 210, 45, 6.042644734138163e-05, 80, 16
