Tempo (s), Distância (m), Vel. Média (m/s), Preto (%), Branco (%), Limite (%), Refletância (%), Erro (%), Ganho Proporcional ((°/s)/%), Ganho Integral ((°/s)/%), Ganho Derivativo ((°/s)/%), Vel. Base (°/s), Correção P (°/s), Correção I (°/s), Correção D (°/s), Correção (°/s), Vel. Angular Esq. (°/s), Vel. Angular Dir. (°/s), Suavidade Esq. (°/s), Suavidade Dir. (°/s), Oscilação
0.01, 0.0, 0.0, 0.08005089058524174, 0.7836940298507463, 0.431872460217994, 0.14, -0.291872460217994, 2.8, 0, 0, 220, -81.72428886103832, 0, 0, -81.72428886103832, 0, 0, 0, 0, 0
0.062, 0.0004886921905584122, 0.007882132105780845, 0.08005089058524174, 0.7836940298507463, 0.431872460217994, 0.77, 0.338127539782006, 2.8, 0, 0, 220, 94.67571113896167, 0, 0, 94.67571113896167, 3, 3, 3, 3, 1
0.111, 0.002443460952792061, 0.02201316173686542, 0.08005089058524174, 0.7836940298507463, 0.431872460217994, 0.77, 0.338127539782006, 2.8, 0, 0, 220, 94.67571113896167, 0, 0, 94.67571113896167, 51, 73, 48, 70, 1
0.161, 0.006352998477259359, 0.03945961787117614, 0.08005089058524174, 0.7836940298507463, 0.431872460217994, 0.76, 0.328127539782006, 2.8, 0, 0, 220, 91.87571113896167, 0, 0, 91.87571113896167, 150, 197, 99, 124, 1
0.215, 0.01148426647812269, 0.05341519292150089, 0.08005089058524174, 0.7836940298507463, 0.431872460217994, 0.7199999999999999, 0.288127539782006, 2.8, 0, 0, 220, 80.67571113896166, 0, 0, 80.67571113896166, 106, 271, 44, 74, 1
0.265, 0.01685988057426522, 0.06362219084628386, 0.08005089058524174, 0.7836940298507463, 0.431872460217994, 0.4699999999999999, 0.03812753978200597, 2.8, 0, 0, 220, 10.67571113896167, 0, 0, 10.67571113896167, 170, 334, 64, 63, 1
0.324, 0.02345722514680379, 0.0723988430456907, 0.08005089058524174, 0.7836940298507463, 0.431872460217994, 0.12, -0.311872460217994, 2.8, 0, 0, 220, -87.32428886103833, 0, 0, -87.32428886103833, 164, 266, 6, 68, 2
0.371, 0.02834414705238792, 0.0763993182005065, 0.08005089058524174, 0.7836940298507463, 0.431872460217994, 0.09, -0.3418724602179941, 2.8, 0, 0, 220, -95.72428886103832, 0, 0, -95.72428886103832, 227, 213, 63, 53, 2
0.421, 0.03347541505325124, 0.07951405000772266, 0.08005089058524174, 0.7836940298507463, 0.431872460217994, 0.09, -0.3418724602179941, 2.8, 0, 0, 220, -95.72428886103832, 0, 0, -95.72428886103832, 292, 117, 65, 96, 2
0.475, 0.0395840674352314, 0.08333487881101346, 0.08005089058524174, 0.7836940298507463, 0.431872460217994, 0.15, -0.2818724602179941, 2.8, 0, 0, 220, -78.92428886103833, 0, 0, -78.92428886103833, 339, 127, 47, 10, 2
0.5390000000000001, 0.04642575810304917, 0.08613313191660328, 0.08005089058524174, 0.7836940298507463, 0.431872460217994, 0.5899999999999999, 0.158127539782006, 2.8, 0, 0, 220, 44.27571113896167, 0, 0, 44.27571113896167, 309, 137, 30, 10, 3
0.585, 0.05155702610391249, 0.08813166855369658, 0.08005089058524174, 0.7836940298507463, 0.431872460217994, 0.8, 0.368127539782006, 2.8, 0, 0, 220, 103.0757111389617, 0, 0, 103.0757111389617, 273, 146, 36, 9, 3
0.632, 0.05668829410477583, 0.08969666788730352, 0.08005089058524174, 0.7836940298507463, 0.431872460217994, 0.8199999999999999, 0.388127539782006, 2.8, 0, 0, 220, 108.6757111389617, 0, 0, 108.6757111389617, 187, 256, 86, 110, 3
0.681, 0.06157521601035993, 0.09041881939847274, 0.08005089058524174, 0.7836940298507463, 0.431872460217994, 0.8100000000000001, 0.378127539782006, 2.8, 0, 0, 220, 105.8757111389617, 0, 0, 105.8757111389617, 126, 299, 61, 43, 3
0.733, 0.06695083010650248, 0.0913381038287892, 0.08005089058524174, 0.7836940298507463, 0.431872460217994, 0.74, 0.308127539782006, 2.8, 0, 0, 220, 86.27571113896167, 0, 0, 86.27571113896167, 97, 349, 29, 50, 3
0.792, 0.07330382858376185, 0.09255533912091142, 0.08005089058524174, 0.7836940298507463, 0.431872460217994, 0.19, -0.241872460217994, 2.8, 0, 0, 220, -67.72428886103832, 0, 0, -67.72428886103832, 139, 313, 42, 36, 4
0.841, 0.07892378877518357, 0.09384517095741209, 0.08005089058524174, 0.7836940298507463, 0.431872460217994, 0.07000000000000001, -0.361872460217994, 2.8, 0, 0, 220, -101.3242888610383, 0, 0, -101.3242888610383, 146, 271, 7, 42, 4
0.891, 0.0840550567760469, 0.0943378863928697, 0.08005089058524174, 0.7836940298507463, 0.431872460217994, 0.07000000000000001, -0.361872460217994, 2.8, 0, 0, 220, -101.3242888610383, 0, 0, -101.3242888610383, 234, 176, 88, 95, 4
0.941, 0.08918632477691023, 0.0947782409956538, 0.08005089058524174, 0.7836940298507463, 0.431872460217994, 0.07000000000000001, -0.361872460217994, 2.8, 0, 0, 220, -101.3242888610383, 0, 0, -101.3242888610383, 303, 126, 69, 50, 4
0.985, 0.09382890058721516, 0.09525776709361946, 0.08005089058524174, 0.7836940298507463, 0.431872460217994, 0.08, -0.351872460217994, 2.8, 0, 0, 220, -98.52428886103834, 0, 0, -98.52428886103834, 347, 108, 44, 18, 4
1.034, 0.09944886077863691, 0.09617878218436838, 0.08005089058524174, 0.7836940298507463, 0.431872460217994, 0.16, -0.271872460217994, 2.8, 0, 0, 220, -76.12428886103833, 0, 0, -76.12428886103833, 332, 125, 15, 17, 4
1.085, 0.1053131670653378, 0.09706282678832981, 0.08005089058524174, 0.7836940298507463, 0.431872460217994, 0.4600000000000001, 0.02812753978200597, 2.8, 0, 0, 220, 7.875711138961671, 0, 0, 7.875711138961671, 297, 138, 35, 13, 5
1.141, 0.1106887811614804, 0.09701032529489954, 0.08005089058524174, 0.7836940298507463, 0.431872460217994, 0.8, 0.368127539782006, 2.8, 0, 0, 220, 103.0757111389617, 0, 0, 103.0757111389617, 255, 159, 42, 21, 5
1.194, 0.1163087413529021, 0.09741100615820947, 0.08005089058524174, 0.7836940298507463, 0.431872460217994, 0.8699999999999999, 0.438127539782006, 2.8, 0, 0, 220, 122.6757111389617, 0, 0, 122.6757111389617, 186, 265, 69, 106, 5
1.239, 0.1214400093537654, 0.09801453539448381, 0.08005089058524174, 0.7836940298507463, 0.431872460217994, 0.8800000000000001, 0.448127539782006, 2.8, 0, 0, 220, 125.4757111389617, 0, 0, 125.4757111389617, 118, 336, 68, 71, 5
1.292, 0.1273043156404664, 0.09853275204370464, 0.08005089058524174, 0.7836940298507463, 0.431872460217994, 0.76, 0.328127539782006, 2.8, 0, 0, 220, 91.87571113896167, 0, 0, 91.87571113896167, 80, 351, 38, 15, 5
1.35, 0.1331686219271674, 0.09864342364975359, 0.08005089058524174, 0.7836940298507463, 0.431872460217994, 0.21, -0.221872460217994, 2.8, 0, 0, 220, -62.12428886103833, 0, 0, -62.12428886103833, 117, 326, 37, 25, 6
1.399, 0.1387885821185891, 0.09920556262944181, 0.08005089058524174, 0.7836940298507463, 0.431872460217994, 0.08, -0.351872460217994, 2.8, 0, 0, 220, -98.52428886103834, 0, 0, -98.52428886103834, 153, 286, 36, 40, 6
1.445, 0.1439198501194524, 0.09959851219339267, 0.08005089058524174, 0.7836940298507463, 0.431872460217994, 0.08, -0.351872460217994, 2.8, 0, 0, 220, -98.52428886103834, 0, 0, -98.52428886103834, 231, 195, 78, 91, 6
1.494, 0.1483180798344781, 0.09927582318238159, 0.08005089058524174, 0.7836940298507463, 0.431872460217994, 0.08, -0.351872460217994, 2.8, 0, 0, 220, -98.52428886103834, 0, 0, -98.52428886103834, 295, 128, 64, 67, 6
1.55, 0.1541823861211791, 0.09947250717495423, 0.08005089058524174, 0.7836940298507463, 0.431872460217994, 0.08, -0.351872460217994, 2.8, 0, 0, 220, -98.52428886103834, 0, 0, -98.52428886103834, 328, 110, 33, 18, 6
1.601, 0.1602910385031592, 0.1001193244866704, 0.08005089058524174, 0.7836940298507463, 0.431872460217994, 0.13, -0.301872460217994, 2.8, 0, 0, 220, -84.52428886103833, 0, 0, -84.52428886103833, 338, 133, 10, 23, 6
1.664, 0.167132729170977, 0.100440342049866, 0.08005089058524174, 0.7836940298507463, 0.431872460217994, 0.5899999999999999, 0.158127539782006, 2.8, 0, 0, 220, 44.27571113896167, 0, 0, 44.27571113896167, 295, 127, 43, 6, 7
1.714, 0.1720196510765611, 0.1003615233818909, 0.08005089058524174, 0.7836940298507463, 0.431872460217994, 0.77, 0.338127539782006, 2.8, 0, 0, 220, 94.67571113896167, 0, 0, 94.67571113896167, 281, 149, 14, 22, 7
1.763, 0.1781283034585413, 0.1010370410995696, 0.08005089058524174, 0.7836940298507463, 0.431872460217994, 0.8100000000000001, 0.378127539782006, 2.8, 0, 0, 220, 105.8757111389617, 0, 0, 105.8757111389617, 196, 247, 85, 98, 7
1.81, 0.182526533173567, 0.1008433884936834, 0.08005089058524174, 0.7836940298507463, 0.431872460217994, 0.8299999999999999, 0.398127539782006, 2.8, 0, 0, 220, 111.4757111389617, 0, 0, 111.4757111389617, 127, 313, 69, 66, 7
1.861, 0.1879021472697095, 0.1009683757494409, 0.08005089058524174, 0.7836940298507463, 0.431872460217994, 0.8100000000000001, 0.378127539782006, 2.8, 0, 0, 220, 105.8757111389617, 0, 0, 105.8757111389617, 99, 330, 28, 17, 7
1.905, 0.1932777613658521, 0.1014581424492662, 0.08005089058524174, 0.7836940298507463, 0.431872460217994, 0.77, 0.338127539782006, 2.8, 0, 0, 220, 94.67571113896167, 0, 0, 94.67571113896167, 116, 335, 17, 5, 7
1.963, 0.1988977215572738, 0.1013233426170524, 0.08005089058524174, 0.7836940298507463, 0.431872460217994, 0.27, -0.161872460217994, 2.8, 0, 0, 220, -45.32428886103832, 0, 0, -45.32428886103832, 123, 308, 7, 27, 8
2.016, 0.205006373939254, 0.1016896696127252, 0.08005089058524174, 0.7836940298507463, 0.431872460217994, 0.08, -0.351872460217994, 2.8, 0, 0, 220, -98.52428886103834, 0, 0, -98.52428886103834, 149, 293, 26, 15, 8
2.074, 0.2106263341306756, 0.1015556095133441, 0.08005089058524174, 0.7836940298507463, 0.431872460217994, 0.08, -0.351872460217994, 2.8, 0, 0, 220, -98.52428886103834, 0, 0, -98.52428886103834, 243, 172, 94, 121, 8
2.125, 0.2160019482268182, 0.1016479756361498, 0.08005089058524174, 0.7836940298507463, 0.431872460217994, 0.08, -0.351872460217994, 2.8, 0, 0, 220, -98.52428886103834, 0, 0, -98.52428886103834, 307, 118, 64, 54, 8
2.176, 0.22162190841824, 0.1018483035010294, 0.08005089058524174, 0.7836940298507463, 0.431872460217994, 0.09, -0.3418724602179941, 2.8, 0, 0, 220, -95.72428886103832, 0, 0, -95.72428886103832, 347, 112, 40, 6, 8
2.226, 0.2274862147049409, 0.102195065006712, 0.08005089058524174, 0.7836940298507463, 0.431872460217994, 0.31, -0.121872460217994, 2.8, 0, 0, 220, -34.12428886103832, 0, 0, -34.12428886103832, 322, 134, 25, 22, 8
2.281, 0.2331061748963626, 0.1021947281439556, 0.08005089058524174, 0.7836940298507463, 0.431872460217994, 0.71, 0.278127539782006, 2.8, 0, 0, 220, 77.87571113896167, 0, 0, 77.87571113896167, 281, 132, 41, 2, 9
2.334, 0.2389704811830636, 0.1023866671735491, 0.08005089058524174, 0.7836940298507463, 0.431872460217994, 0.77, 0.338127539782006, 2.8, 0, 0, 220, 94.67571113896167, 0, 0, 94.67571113896167, 217, 227, 64, 95, 9
2.384, 0.2441017491839269, 0.1023916733154056, 0.08005089058524174, 0.7836940298507463, 0.431872460217994, 0.8, 0.368127539782006, 2.8, 0, 0, 220, 103.0757111389617, 0, 0, 103.0757111389617, 145, 291, 72, 64, 9
2.434, 0.2492330171847903, 0.1023964737817544, 0.08005089058524174, 0.7836940298507463, 0.431872460217994, 0.79, 0.3581275397820059, 2.8, 0, 0, 220, 100.2757111389617, 0, 0, 100.2757111389617, 107, 328, 38, 37, 9
2.489, 0.2555860156620496, 0.1026862256577138, 0.08005089058524174, 0.7836940298507463, 0.431872460217994, 0.49, 0.05812753978200597, 2.8, 0, 0, 220, 16.27571113896167, 0, 0, 16.27571113896167, 124, 329, 17, 1, 9
2.546, 0.261939014139309, 0.10288256643335, 0.08005089058524174, 0.7836940298507463, 0.431872460217994, 0.11, -0.321872460217994, 2.8, 0, 0, 220, -90.12428886103832, 0, 0, -90.12428886103832, 149, 296, 25, 33, 10
2.594, 0.2670702821401723, 0.1029569322051551, 0.08005089058524174, 0.7836940298507463, 0.431872460217994, 0.07000000000000001, -0.361872460217994, 2.8, 0, 0, 220, -101.3242888610383, 0, 0, -101.3242888610383, 222, 209, 73, 87, 10
2.64, 0.271468511855198, 0.1028289817633326, 0.08005089058524174, 0.7836940298507463, 0.431872460217994, 0.08, -0.351872460217994, 2.8, 0, 0, 220, -98.52428886103834, 0, 0, -98.52428886103834, 286, 134, 64, 75, 10
2.686, 0.2765997798560613, 0.1029783245927257, 0.08005089058524174, 0.7836940298507463, 0.431872460217994, 0.09, -0.3418724602179941, 2.8, 0, 0, 220, -95.72428886103832, 0, 0, -95.72428886103832, 343, 103, 57, 31, 10
2.74, 0.2822197400474831, 0.1029999051268186, 0.08005089058524174, 0.7836940298507463, 0.431872460217994, 0.22, -0.211872460217994, 2.8, 0, 0, 220, -59.32428886103833, 0, 0, -59.32428886103833, 320, 127, 23, 24, 10
2.794, 0.2883283924294632, 0.1031955592088272, 0.08005089058524174, 0.7836940298507463, 0.431872460217994, 0.61, 0.178127539782006, 2.8, 0, 0, 220, 49.87571113896167, 0, 0, 49.87571113896167, 296, 145, 24, 18, 11
2.845, 0.293948352620885, 0.1033210378280791, 0.08005089058524174, 0.7836940298507463, 0.431872460217994, 0.76, 0.328127539782006, 2.8, 0, 0, 220, 91.87571113896167, 0, 0, 91.87571113896167, 236, 196, 60, 51, 11
2.894, 0.2990796206217483, 0.1033447203254141, 0.08005089058524174, 0.7836940298507463, 0.431872460217994, 0.8100000000000001, 0.378127539782006, 2.8, 0, 0, 220, 105.8757111389617, 0, 0, 105.8757111389617, 157, 265, 79, 69, 11
2.941, 0.3037221964320532, 0.1032717430914836, 0.08005089058524174, 0.7836940298507463, 0.431872460217994, 0.8100000000000001, 0.378127539782006, 2.8, 0, 0, 220, 105.8757111389617, 0, 0, 105.8757111389617, 122, 308, 35, 43, 11
2.986, 0.3086091183376374, 0.1033520155182978, 0.08005089058524174, 0.7836940298507463, 0.431872460217994, 0.73, 0.298127539782006, 2.8, 0, 0, 220, 83.47571113896167, 0, 0, 83.47571113896167, 113, 342, 9, 34, 11
3.043, 0.3149621168148967, 0.1035038175533673, 0.08005089058524174, 0.7836940298507463, 0.431872460217994, 0.27, -0.161872460217994, 2.8, 0, 0, 220, -45.32428886103832, 0, 0, -45.32428886103832, 133, 307, 20, 35, 12
3.094, 0.3203377309110392, 0.103535142505184, 0.08005089058524174, 0.7836940298507463, 0.431872460217994, 0.11, -0.321872460217994, 2.8, 0, 0, 220, -90.12428886103832, 0, 0, -90.12428886103832, 154, 283, 21, 24, 12
3.145, 0.325957691102461, 0.1036431450246299, 0.08005089058524174, 0.7836940298507463, 0.431872460217994, 0.09, -0.3418724602179941, 2.8, 0, 0, 220, -95.72428886103832, 0, 0, -95.72428886103832, 249, 174, 95, 109, 12
3.194, 0.3308446130080451, 0.1035831599899953, 0.08005089058524174, 0.7836940298507463, 0.431872460217994, 0.07000000000000001, -0.361872460217994, 2.8, 0, 0, 220, -101.3242888610383, 0, 0, -101.3242888610383, 303, 124, 54, 50, 12
3.246, 0.3364645731994669, 0.1036551365371124, 0.08005089058524174, 0.7836940298507463, 0.431872460217994, 0.12, -0.311872460217994, 2.8, 0, 0, 220, -87.32428886103833, 0, 0, -87.32428886103833, 351, 125, 48, 1, 12
3.294, 0.3418401872956094, 0.103776620308321, 0.08005089058524174, 0.7836940298507463, 0.431872460217994, 0.42, -0.01187246021799403, 2.8, 0, 0, 220, -3.324288861038329, 0, 0, -3.324288861038329, 321, 110, 30, 15, 12
3.345, 0.3477044935823104, 0.1039475317136952, 0.08005089058524174, 0.7836940298507463, 0.431872460217994, 0.7199999999999999, 0.288127539782006, 2.8, 0, 0, 220, 80.67571113896166, 0, 0, 80.67571113896166, 279, 169, 42, 59, 13
3.394, 0.3528357615831737, 0.1039586804900335, 0.08005089058524174, 0.7836940298507463, 0.431872460217994, 0.79, 0.3581275397820059, 2.8, 0, 0, 220, 100.2757111389617, 0, 0, 100.2757111389617, 198, 241, 81, 72, 13
3.443, 0.3577226834887577, 0.103898542982503, 0.08005089058524174, 0.7836940298507463, 0.431872460217994, 0.75, 0.318127539782006, 2.8, 0, 0, 220, 89.07571113896166, 0, 0, 89.07571113896166, 119, 301, 79, 60, 13
3.5, 0.3638313358707379, 0.1039518102487823, 0.08005089058524174, 0.7836940298507463, 0.431872460217994, 0.19, -0.241872460217994, 2.8, 0, 0, 220, -67.72428886103832, 0, 0, -67.72428886103832, 123, 331, 4, 30, 14
3.545, 0.3689626038716013, 0.104079719004683, 0.08005089058524174, 0.7836940298507463, 0.431872460217994, 0.09, -0.3418724602179941, 2.8, 0, 0, 220, -95.72428886103832, 0, 0, -95.72428886103832, 152, 298, 29, 33, 14
3.594, 0.3743382179677438, 0.1041564323783372, 0.08005089058524174, 0.7836940298507463, 0.431872460217994, 0.1, -0.3318724602179941, 2.8, 0, 0, 220, -92.92428886103833, 0, 0, -92.92428886103833, 228, 189, 76, 109, 14
3.644, 0.3792251398733279, 0.1040683698883995, 0.08005089058524174, 0.7836940298507463, 0.431872460217994, 0.18, -0.251872460217994, 2.8, 0, 0, 220, -70.52428886103833, 0, 0, -70.52428886103833, 297, 128, 69, 61, 14
3.696, 0.3848451000647497, 0.1041247565110254, 0.08005089058524174, 0.7836940298507463, 0.431872460217994, 0.14, -0.291872460217994, 2.8, 0, 0, 220, -81.72428886103832, 0, 0, -81.72428886103832, 309, 149, 12, 21, 14
3.745, 0.3902207141608922, 0.1041977874928951, 0.08005089058524174, 0.7836940298507463, 0.431872460217994, 0.11, -0.321872460217994, 2.8, 0, 0, 220, -90.12428886103832, 0, 0, -90.12428886103832, 303, 146, 6, 3, 14
3.796, 0.3955963282570347, 0.1042139958527489, 0.08005089058524174, 0.7836940298507463, 0.431872460217994, 0.11, -0.321872460217994, 2.8, 0, 0, 220, -90.12428886103832, 0, 0, -90.12428886103832, 306, 123, 3, 23, 14
3.845, 0.4012162884484565, 0.1043475392583762, 0.08005089058524174, 0.7836940298507463, 0.431872460217994, 0.1, -0.3318724602179941, 2.8, 0, 0, 220, -92.92428886103833, 0, 0, -92.92428886103833, 304, 134, 2, 11, 14
3.896, 0.4065919025445989, 0.1043613712896815, 0.08005089058524174, 0.7836940298507463, 0.431872460217994, 0.1, -0.3318724602179941, 2.8, 0, 0, 220, -92.92428886103833, 0, 0, -92.92428886103833, 311, 128, 7, 6, 14
3.944, 0.4119675166407416, 0.1044542384991738, 0.08005089058524174, 0.7836940298507463, 0.431872460217994, 0.09, -0.3418724602179941, 2.8, 0, 0, 220, -95.72428886103832, 0, 0, -95.72428886103832, 322, 126, 11, 2, 14
3.995, 0.4168544385463257, 0.1043440396861891, 0.08005089058524174, 0.7836940298507463, 0.431872460217994, 0.08, -0.351872460217994, 2.8, 0, 0, 220, -98.52428886103834, 0, 0, -98.52428886103834, 306, 125, 16, 1, 14
4.045, 0.4222300526424682, 0.1043832021365805, 0.08005089058524174, 0.7836940298507463, 0.431872460217994, 0.08, -0.351872460217994, 2.8, 0, 0, 220, -98.52428886103834, 0, 0, -98.52428886103834, 311, 120, 5, 5, 14
4.089, 0.4271169745480522, 0.1044551172775868, 0.08005089058524174, 0.7836940298507463, 0.431872460217994, 0.08, -0.351872460217994, 2.8, 0, 0, 220, -98.52428886103834, 0, 0, -98.52428886103834, 322, 121, 11, 1, 14
4.141, 0.4324925886441949, 0.1044415814161301, 0.08005089058524174, 0.7836940298507463, 0.431872460217994, 0.09, -0.3418724602179941, 2.8, 0, 0, 220, -95.72428886103832, 0, 0, -95.72428886103832, 322, 122, 0, 1, 14
4.185, 0.4373795105497789, 0.1045112331062793, 0.08005089058524174, 0.7836940298507463, 0.431872460217994, 0.08, -0.351872460217994, 2.8, 0, 0, 220, -98.52428886103834, 0, 0, -98.52428886103834, 314, 116, 8, 6, 14
4.245, 0.4439768551223175, 0.1045881873079664, 0.08005089058524174, 0.7836940298507463, 0.431872460217994, 0.08, -0.351872460217994, 2.8, 0, 0, 220, -98.52428886103834, 0, 0, -98.52428886103834, 315, 128, 1, 12, 14
4.293, 0.4493524692184601, 0.104670968837284, 0.08005089058524174, 0.7836940298507463, 0.431872460217994, 0.08, -0.351872460217994, 2.8, 0, 0, 220, -98.52428886103834, 0, 0, -98.52428886103834, 321, 115, 6, 13, 14
4.344, 0.453995045028765, 0.1045108298869164, 0.08005089058524174, 0.7836940298507463, 0.431872460217994, 0.09, -0.3418724602179941, 2.8, 0, 0, 220, -95.72428886103832, 0, 0, -95.72428886103832, 314, 121, 7, 6, 14
4.399, 0.4601036974107451, 0.1045927932281757, 0.08005089058524174, 0.7836940298507463, 0.431872460217994, 0.09, -0.3418724602179941, 2.8, 0, 0, 220, -95.72428886103832, 0, 0, -95.72428886103832, 322, 123, 8, 2, 14
4.443, 0.4649906193163293, 0.104656902839597, 0.08005089058524174, 0.7836940298507463, 0.431872460217994, 0.11, -0.321872460217994, 2.8, 0, 0, 220, -90.12428886103832, 0, 0, -90.12428886103832, 313, 125, 9, 2, 14
4.495, 0.470610579507751, 0.1046964581774752, 0.08005089058524174, 0.7836940298507463, 0.431872460217994, 0.14, -0.291872460217994, 2.8, 0, 0, 220, -81.72428886103832, 0, 0, -81.72428886103832, 313, 132, 0, 7, 14
4.544, 0.4759861936038936, 0.1047504827473357, 0.08005089058524174, 0.7836940298507463, 0.431872460217994, 0.18, -0.251872460217994, 2.8, 0, 0, 220, -70.52428886103833, 0, 0, -70.52428886103833, 307, 134, 6, 2, 14
4.595, 0.4813618077000361, 0.1047577383460361, 0.08005089058524174, 0.7836940298507463, 0.431872460217994, 0.23, -0.201872460217994, 2.8, 0, 0, 220, -56.52428886103833, 0, 0, -56.52428886103833, 297, 155, 10, 21, 14
4.644, 0.4869817678914578, 0.1048625684520796, 0.08005089058524174, 0.7836940298507463, 0.431872460217994, 0.29, -0.141872460217994, 2.8, 0, 0, 220, -39.72428886103833, 0, 0, -39.72428886103833, 268, 156, 29, 1, 14
4.692, 0.4921130358923211, 0.1048834262345101, 0.08005089058524174, 0.7836940298507463, 0.431872460217994, 0.33, -0.101872460217994, 2.8, 0, 0, 220, -28.52428886103833, 0, 0, -28.52428886103833, 266, 161, 2, 5, 14
4.743, 0.4969999577979054, 0.10478599152391, 0.08005089058524174, 0.7836940298507463, 0.431872460217994, 0.17, -0.261872460217994, 2.8, 0, 0, 220, -73.32428886103833, 0, 0, -73.32428886103833, 256, 198, 10, 37, 14
4.795, 0.5028642640846063, 0.104872630674579, 0.08005089058524174, 0.7836940298507463, 0.431872460217994, 0.08, -0.351872460217994, 2.8, 0, 0, 220, -98.52428886103834, 0, 0, -98.52428886103834, 256, 173, 0, 25, 14
4.844, 0.5079955320854696, 0.1048710842455552, 0.08005089058524174, 0.7836940298507463, 0.431872460217994, 0.08, -0.351872460217994, 2.8, 0, 0, 220, -98.52428886103834, 0, 0, -98.52428886103834, 317, 122, 61, 51, 14
4.891, 0.5131268000863328, 0.1049124514590744, 0.08005089058524174, 0.7836940298507463, 0.431872460217994, 0.08, -0.351872460217994, 2.8, 0, 0, 220, -98.52428886103834, 0, 0, -98.52428886103834, 330, 122, 13, 0, 14
4.946, 0.5192354524683131, 0.1049808840413087, 0.08005089058524174, 0.7836940298507463, 0.431872460217994, 0.08, -0.351872460217994, 2.8, 0, 0, 220, -98.52428886103834, 0, 0, -98.52428886103834, 320, 127, 10, 5, 14
4.994, 0.523878028278618, 0.1049014874406524, 0.08005089058524174, 0.7836940298507463, 0.431872460217994, 0.09, -0.3418724602179941, 2.8, 0, 0, 220, -95.72428886103832, 0, 0, -95.72428886103832, 315, 115, 5, 12, 14
5.044, 0.5297423345653188, 0.1050242534824185, 0.08005089058524174, 0.7836940298507463, 0.431872460217994, 0.08, -0.351872460217994, 2.8, 0, 0, 220, -98.52428886103834, 0, 0, -98.52428886103834, 313, 125, 2, 10, 14
5.094, 0.5351179486614614, 0.1050486746488931, 0.08005089058524174, 0.7836940298507463, 0.431872460217994, 0.08, -0.351872460217994, 2.8, 0, 0, 220, -98.52428886103834, 0, 0, -98.52428886103834, 319, 127, 6, 2, 14
5.145, 0.5409822549481625, 0.1051471826915768, 0.08005089058524174, 0.7836940298507463, 0.431872460217994, 0.08, -0.351872460217994, 2.8, 0, 0, 220, -98.52428886103834, 0, 0, -98.52428886103834, 319, 117, 0, 10, 14
5.194, 0.5453804846631881, 0.1050020186105483, 0.08005089058524174, 0.7836940298507463, 0.431872460217994, 0.09, -0.3418724602179941, 2.8, 0, 0, 220, -95.72428886103832, 0, 0, -95.72428886103832, 308, 115, 11, 2, 14
5.245, 0.5510004448546098, 0.1050525157015462, 0.08005089058524174, 0.7836940298507463, 0.431872460217994, 0.07000000000000001, -0.361872460217994, 2.8, 0, 0, 220, -101.3242888610383, 0, 0, -101.3242888610383, 314, 130, 6, 15, 14
5.295, 0.5566204050460316, 0.105121889527107, 0.08005089058524174, 0.7836940298507463, 0.431872460217994, 0.08, -0.351872460217994, 2.8, 0, 0, 220, -98.52428886103834, 0, 0, -98.52428886103834, 331, 116, 17, 14, 14
5.344, 0.5617516730468949, 0.1051182022917094, 0.08005089058524174, 0.7836940298507463, 0.431872460217994, 0.11, -0.321872460217994, 2.8, 0, 0, 220, -90.12428886103832, 0, 0, -90.12428886103832, 311, 122, 20, 6, 14
5.401, 0.5676159793335959, 0.1050946082824654, 0.08005089058524174, 0.7836940298507463, 0.431872460217994, 0.2, -0.2318724602179941, 2.8, 0, 0, 220, -64.92428886103832, 0, 0, -64.92428886103832, 311, 123, 0, 1, 14
5.446, 0.5725029012391801, 0.1051235588026405, 0.08005089058524174, 0.7836940298507463, 0.431872460217994, 0.39, -0.04187246021799403, 2.8, 0, 0, 220, -11.72428886103833, 0, 0, -11.72428886103833, 301, 144, 10, 21, 14
5.501, 0.57861155362116, 0.1051829764808508, 0.08005089058524174, 0.7836940298507463, 0.431872460217994, 0.62, 0.188127539782006, 2.8, 0, 0, 220, 52.67571113896167, 0, 0, 52.67571113896167, 257, 185, 44, 41, 15
5.547, 0.5837428216220236, 0.1052357709792723, 0.08005089058524174, 0.7836940298507463, 0.431872460217994, 0.67, 0.238127539782006, 2.8, 0, 0, 220, 66.67571113896168, 0, 0, 66.67571113896168, 186, 244, 71, 59, 15
5.596, 0.589118435718166, 0.1052749170332677, 0.08005089058524174, 0.7836940298507463, 0.431872460217994, 0.54, 0.108127539782006, 2.8, 0, 0, 220, 30.27571113896167, 0, 0, 30.27571113896167, 156, 278, 30, 34, 15
5.65, 0.5942497037190293, 0.1051769387113326, 0.08005089058524174, 0.7836940298507463, 0.431872460217994, 0.17, -0.261872460217994, 2.8, 0, 0, 220, -73.32428886103833, 0, 0, -73.32428886103833, 170, 254, 14, 24, 16
5.694, 0.5991366256246135, 0.1052224491788924, 0.08005089058524174, 0.7836940298507463, 0.431872460217994, 0.09, -0.3418724602179941, 2.8, 0, 0, 220, -95.72428886103832, 0, 0, -95.72428886103832, 209, 248, 39, 6, 16
5.744, 0.6047565858160352, 0.1052849209289755, 0.08005089058524174, 0.7836940298507463, 0.431872460217994, 0.08, -0.351872460217994, 2.8, 0, 0, 220, -98.52428886103834, 0, 0, -98.52428886103834, 286, 149, 77, 99, 16
5.794, 0.6096435077216192, 0.1052197976737348, 0.08005089058524174, 0.7836940298507463, 0.431872460217994, 0.08, -0.351872460217994, 2.8, 0, 0, 220, -98.52428886103834, 0, 0, -98.52428886103834, 315, 105, 29, 44, 16
5.844, 0.6155078140083202, 0.1053230345667899, 0.08005089058524174, 0.7836940298507463, 0.431872460217994, 0.08, -0.351872460217994, 2.8, 0, 0, 220, -98.52428886103834, 0, 0, -98.52428886103834, 321, 132, 6, 27, 16
5.894, 0.6206390820091835, 0.1053001496452636, 0.08005089058524174, 0.7836940298507463, 0.431872460217994, 0.08, -0.351872460217994, 2.8, 0, 0, 220, -98.52428886103834, 0, 0, -98.52428886103834, 322, 118, 1, 14, 16
5.945, 0.6265033882958845, 0.1053832444568351, 0.08005089058524174, 0.7836940298507463, 0.431872460217994, 0.08, -0.351872460217994, 2.8, 0, 0, 220, -98.52428886103834, 0, 0, -98.52428886103834, 326, 117, 4, 1, 16
5.994, 0.6316346562967478, 0.1053778205366613, 0.08005089058524174, 0.7836940298507463, 0.431872460217994, 0.08, -0.351872460217994, 2.8, 0, 0, 220, -98.52428886103834, 0, 0, -98.52428886103834, 316, 136, 10, 19, 16
6.044, 0.6367659242976112, 0.1053550503470568, 0.08005089058524174, 0.7836940298507463, 0.431872460217994, 0.11, -0.321872460217994, 2.8, 0, 0, 220, -90.12428886103832, 0, 0, -90.12428886103832, 322, 112, 6, 24, 16
6.104, 0.643607614965429, 0.1054403038934189, 0.08005089058524174, 0.7836940298507463, 0.431872460217994, 0.45, 0.01812753978200597, 2.8, 0, 0, 220, 5.075711138961671, 0, 0, 5.075711138961671, 304, 134, 18, 22, 17
6.154, 0.648494536871013, 0.1053777277983447, 0.08005089058524174, 0.7836940298507463, 0.431872460217994, 0.73, 0.298127539782006, 2.8, 0, 0, 220, 83.47571113896167, 0, 0, 83.47571113896167, 291, 140, 13, 6, 17
6.205, 0.6543588431577141, 0.1054567031680442, 0.08005089058524174, 0.7836940298507463, 0.431872460217994, 0.73, 0.298127539782006, 2.8, 0, 0, 220, 83.47571113896167, 0, 0, 83.47571113896167, 209, 252, 82, 112, 17
6.254, 0.6597344572538566, 0.1054899995608981, 0.08005089058524174, 0.7836940298507463, 0.431872460217994, 0.7, 0.268127539782006, 2.8, 0, 0, 220, 75.07571113896167, 0, 0, 75.07571113896167, 131, 311, 78, 59, 17
6.304, 0.6643770330641615, 0.1053897577830206, 0.08005089058524174, 0.7836940298507463, 0.431872460217994, 0.71, 0.278127539782006, 2.8, 0, 0, 220, 77.87571113896167, 0, 0, 77.87571113896167, 127, 284, 4, 27, 17
6.359, 0.6704856854461417, 0.1054388560223528, 0.08005089058524174, 0.7836940298507463, 0.431872460217994, 0.44, 0.008127539782005968, 2.8, 0, 0, 220, 2.275711138961671, 0, 0, 2.275711138961671, 149, 298, 22, 14, 17
6.406, 0.6756169534470049, 0.1054662743438971, 0.08005089058524174, 0.7836940298507463, 0.431872460217994, 0.07000000000000001, -0.361872460217994, 2.8, 0, 0, 220, -101.3242888610383, 0, 0, -101.3242888610383, 152, 296, 3, 2, 18
6.458, 0.6812369136384266, 0.1054872891976505, 0.08005089058524174, 0.7836940298507463, 0.431872460217994, 0.07000000000000001, -0.361872460217994, 2.8, 0, 0, 220, -101.3242888610383, 0, 0, -101.3242888610383, 253, 186, 101, 110, 18
6.506, 0.6863681816392901, 0.1054977223546403, 0.08005089058524174, 0.7836940298507463, 0.431872460217994, 0.07000000000000001, -0.361872460217994, 2.8, 0, 0, 220, -101.3242888610383, 0, 0, -101.3242888610383, 319, 112, 66, 74, 18
6.556, 0.6917437957354325, 0.105513086597839, 0.08005089058524174, 0.7836940298507463, 0.431872460217994, 0.07000000000000001, -0.361872460217994, 2.8, 0, 0, 220, -101.3242888610383, 0, 0, -101.3242888610383, 331, 104, 12, 8, 18
6.604, 0.6966307176410167, 0.1054861777166894, 0.08005089058524174, 0.7836940298507463, 0.431872460217994, 0.21, -0.221872460217994, 2.8, 0, 0, 220, -62.12428886103833, 0, 0, -62.12428886103833, 326, 136, 5, 32, 18
6.663, 0.7027393700229968, 0.1054689134058227, 0.08005089058524174, 0.7836940298507463, 0.431872460217994, 0.55, 0.118127539782006, 2.8, 0, 0, 220, 33.07571113896167, 0, 0, 33.07571113896167, 298, 131, 28, 5, 19
6.716, 0.708848022404977, 0.1055461617636952, 0.08005089058524174, 0.7836940298507463, 0.431872460217994, 0.5699999999999999, 0.138127539782006, 2.8, 0, 0, 220, 38.67571113896167, 0, 0, 38.67571113896167, 248, 199, 50, 68, 19
6.774, 0.714712328691678, 0.1055081678021373, 0.08005089058524174, 0.7836940298507463, 0.431872460217994, 0.5899999999999999, 0.158127539782006, 2.8, 0, 0, 220, 44.27571113896167, 0, 0, 44.27571113896167, 176, 277, 72, 78, 19
6.82, 0.7198435966925413, 0.1055489144710471, 0.08005089058524174, 0.7836940298507463, 0.431872460217994, 0.71, 0.278127539782006, 2.8, 0, 0, 220, 77.87571113896167, 0, 0, 77.87571113896167, 176, 251, 0, 26, 19
6.876, 0.7259522490745214, 0.105577697654817, 0.08005089058524174, 0.7836940298507463, 0.431872460217994, 0.86, 0.428127539782006, 2.8, 0, 0, 220, 119.8757111389617, 0, 0, 119.8757111389617, 160, 287, 16, 36, 19
6.925, 0.7313278631706639, 0.1056069116491934, 0.08005089058524174, 0.7836940298507463, 0.431872460217994, 0.74, 0.308127539782006, 2.8, 0, 0, 220, 86.27571113896167, 0, 0, 86.27571113896167, 117, 330, 43, 43, 19
6.976, 0.7369478233620858, 0.1056404563305742, 0.08005089058524174, 0.7836940298507463, 0.431872460217994, 0.18, -0.251872460217994, 2.8, 0, 0, 220, -70.52428886103833, 0, 0, -70.52428886103833, 105, 323, 12, 7, 20
7.025, 0.7423234374582282, 0.1056688167200325, 0.08005089058524174, 0.7836940298507463, 0.431872460217994, 0.08, -0.351872460217994, 2.8, 0, 0, 220, -98.52428886103834, 0, 0, -98.52428886103834, 164, 299, 59, 24, 20
7.074, 0.7474547054590915, 0.1056622427847175, 0.08005089058524174, 0.7836940298507463, 0.431872460217994, 0.07000000000000001, -0.361872460217994, 2.8, 0, 0, 220, -101.3242888610383, 0, 0, -101.3242888610383, 231, 193, 67, 106, 20
7.124, 0.7523416273646757, 0.1056066293324924, 0.08005089058524174, 0.7836940298507463, 0.431872460217994, 0.08, -0.351872460217994, 2.8, 0, 0, 220, -98.52428886103834, 0, 0, -98.52428886103834, 291, 119, 60, 74, 20
7.17, 0.7569842031749806, 0.1055765973744743, 0.08005089058524174, 0.7836940298507463, 0.431872460217994, 0.07000000000000001, -0.361872460217994, 2.8, 0, 0, 220, -101.3242888610383, 0, 0, -101.3242888610383, 337, 108, 46, 11, 20
7.222, 0.7628485094616816, 0.1056284283386433, 0.08005089058524174, 0.7836940298507463, 0.431872460217994, 0.17, -0.261872460217994, 2.8, 0, 0, 220, -73.32428886103833, 0, 0, -73.32428886103833, 334, 123, 3, 15, 20
7.279, 0.7692015079389408, 0.1056740634618685, 0.08005089058524174, 0.7836940298507463, 0.431872460217994, 0.65, 0.218127539782006, 2.8, 0, 0, 220, 61.07571113896167, 0, 0, 61.07571113896167, 305, 139, 29, 16, 21
7.331, 0.7745771220350834, 0.1056577713865889, 0.08005089058524174, 0.7836940298507463, 0.431872460217994, 0.8199999999999999, 0.388127539782006, 2.8, 0, 0, 220, 108.6757111389617, 0, 0, 108.6757111389617, 263, 177, 42, 38, 21
7.374, 0.7794640439406676, 0.1057043726526536, 0.08005089058524174, 0.7836940298507463, 0.431872460217994, 0.8100000000000001, 0.378127539782006, 2.8, 0, 0, 220, 105.8757111389617, 0, 0, 105.8757111389617, 192, 239, 71, 62, 21
7.424, 0.7848396580368101, 0.1057165487657341, 0.08005089058524174, 0.7836940298507463, 0.431872460217994, 0.8100000000000001, 0.378127539782006, 2.8, 0, 0, 220, 105.8757111389617, 0, 0, 105.8757111389617, 116, 308, 76, 69, 21
7.475, 0.7907039643235111, 0.1057797945583292, 0.08005089058524174, 0.7836940298507463, 0.431872460217994, 0.8100000000000001, 0.378127539782006, 2.8, 0, 0, 220, 105.8757111389617, 0, 0, 105.8757111389617, 103, 344, 13, 36, 21
7.525, 0.7960795784196537, 0.1057913061022796, 0.08005089058524174, 0.7836940298507463, 0.431872460217994, 0.8299999999999999, 0.398127539782006, 2.8, 0, 0, 220, 111.4757111389617, 0, 0, 111.4757111389617, 131, 327, 28, 17, 21
7.576, 0.8014551925157962, 0.1057887001736795, 0.08005089058524174, 0.7836940298507463, 0.431872460217994, 0.8100000000000001, 0.378127539782006, 2.8, 0, 0, 220, 105.8757111389617, 0, 0, 105.8757111389617, 96, 334, 35, 7, 21
7.631, 0.8068308066119386, 0.1057306783661301, 0.08005089058524174, 0.7836940298507463, 0.431872460217994, 0.8100000000000001, 0.378127539782006, 2.8, 0, 0, 220, 105.8757111389617, 0, 0, 105.8757111389617, 101, 320, 5, 14, 21
7.684, 0.8131838050891979, 0.10582818910583, 0.08005089058524174, 0.7836940298507463, 0.431872460217994, 0.8, 0.368127539782006, 2.8, 0, 0, 220, 103.0757111389617, 0, 0, 103.0757111389617, 130, 334, 29, 14, 21
7.734, 0.8183150730900614, 0.1058074829441507, 0.08005089058524174, 0.7836940298507463, 0.431872460217994, 0.8, 0.368127539782006, 2.8, 0, 0, 220, 103.0757111389617, 0, 0, 103.0757111389617, 112, 317, 18, 17, 21
7.79, 0.8241793793767622, 0.1057996635913687, 0.08005089058524174, 0.7836940298507463, 0.431872460217994, 0.7800000000000001, 0.348127539782006, 2.8, 0, 0, 220, 97.47571113896168, 0, 0, 97.47571113896168, 109, 330, 3, 13, 21
7.835, 0.8288219551870672, 0.1057845507577623, 0.08005089058524174, 0.7836940298507463, 0.431872460217994, 0.8, 0.368127539782006, 2.8, 0, 0, 220, 103.0757111389617, 0, 0, 103.0757111389617, 127, 317, 18, 13, 21
7.885, 0.8341975692832097, 0.1057955065673062, 0.08005089058524174, 0.7836940298507463, 0.431872460217994, 0.8199999999999999, 0.388127539782006, 2.8, 0, 0, 220, 108.6757111389617, 0, 0, 108.6757111389617, 112, 314, 15, 3, 21
7.934, 0.8398175294746315, 0.1058504574583604, 0.08005089058524174, 0.7836940298507463, 0.431872460217994, 0.8199999999999999, 0.388127539782006, 2.8, 0, 0, 220, 108.6757111389617, 0, 0, 108.6757111389617, 115, 342, 3, 28, 21
7.979, 0.8442157591896571, 0.1058047072552522, 0.08005089058524174, 0.7836940298507463, 0.431872460217994, 0.8100000000000001, 0.378127539782006, 2.8, 0, 0, 220, 105.8757111389617, 0, 0, 105.8757111389617, 117, 320, 2, 22, 21
8.025, 0.8493470271905203, 0.1058376357869807, 0.08005089058524174, 0.7836940298507463, 0.431872460217994, 0.8299999999999999, 0.398127539782006, 2.8, 0, 0, 220, 111.4757111389617, 0, 0, 111.4757111389617, 110, 316, 7, 4, 21
8.074999999999999, 0.854722641286663, 0.1058480051128994, 0.08005089058524174, 0.7836940298507463, 0.431872460217994, 0.8199999999999999, 0.388127539782006, 2.8, 0, 0, 220, 108.6757111389617, 0, 0, 108.6757111389617, 106, 331, 4, 15, 21
8.122999999999999, 0.8596095631922472, 0.1058241491065182, 0.08005089058524174, 0.7836940298507463, 0.431872460217994, 0.8199999999999999, 0.388127539782006, 2.8, 0, 0, 220, 108.6757111389617, 0, 0, 108.6757111389617, 115, 323, 9, 8, 21
8.170999999999999, 0.8647408311931105, 0.105830477443778, 0.08005089058524174, 0.7836940298507463, 0.431872460217994, 0.8100000000000001, 0.378127539782006, 2.8, 0, 0, 220, 105.8757111389617, 0, 0, 105.8757111389617, 103, 326, 12, 3, 21
8.221, 0.8703607913845321, 0.1058704283401693, 0.08005089058524174, 0.7836940298507463, 0.431872460217994, 0.79, 0.3581275397820059, 2.8, 0, 0, 220, 100.2757111389617, 0, 0, 100.2757111389617, 117, 332, 14, 6, 21
8.271000000000001, 0.8757364054806748, 0.1058803537033823, 0.08005089058524174, 0.7836940298507463, 0.431872460217994, 0.8100000000000001, 0.378127539782006, 2.8, 0, 0, 220, 105.8757111389617, 0, 0, 105.8757111389617, 119, 317, 2, 15, 21
8.324, 0.8816007117673758, 0.1059107054021355, 0.08005089058524174, 0.7836940298507463, 0.431872460217994, 0.86, 0.428127539782006, 2.8, 0, 0, 220, 119.8757111389617, 0, 0, 119.8757111389617, 119, 327, 0, 10, 21
8.374000000000001, 0.88648763367296, 0.1058619099203439, 0.08005089058524174, 0.7836940298507463, 0.431872460217994, 0.8299999999999999, 0.398127539782006, 2.8, 0, 0, 220, 111.4757111389617, 0, 0, 111.4757111389617, 108, 326, 11, 1, 21
8.423999999999999, 0.8918632477691023, 0.1058717055756294, 0.08005089058524174, 0.7836940298507463, 0.431872460217994, 0.76, 0.328127539782006, 2.8, 0, 0, 220, 91.87571113896167, 0, 0, 91.87571113896167, 95, 343, 13, 17, 21
8.475, 0.8979719001510825, 0.1059553864485053, 0.08005089058524174, 0.7836940298507463, 0.431872460217994, 0.63, 0.198127539782006, 2.8, 0, 0, 220, 55.47571113896168, 0, 0, 55.47571113896168, 124, 310, 29, 33, 21
8.525, 0.9031031681519458, 0.1059358555016945, 0.08005089058524174, 0.7836940298507463, 0.431872460217994, 0.7800000000000001, 0.348127539782006, 2.8, 0, 0, 220, 97.47571113896168, 0, 0, 97.47571113896168, 146, 295, 22, 15, 21
8.574, 0.9084787822480884, 0.1059574040410647, 0.08005089058524174, 0.7836940298507463, 0.431872460217994, 0.8, 0.368127539782006, 2.8, 0, 0, 220, 103.0757111389617, 0, 0, 103.0757111389617, 157, 278, 11, 17, 21
8.622999999999999, 0.9131213580583935, 0.1058936980237033, 0.08005089058524174, 0.7836940298507463, 0.431872460217994, 0.8199999999999999, 0.388127539782006, 2.8, 0, 0, 220, 108.6757111389617, 0, 0, 108.6757111389617, 110, 321, 47, 43, 21
8.672000000000001, 0.9182526260592565, 0.1058870648131061, 0.08005089058524174, 0.7836940298507463, 0.431872460217994, 0.8299999999999999, 0.398127539782006, 2.8, 0, 0, 220, 111.4757111389617, 0, 0, 111.4757111389617, 114, 339, 4, 18, 21
8.725, 0.9243612784412367, 0.1059439860677635, 0.08005089058524174, 0.7836940298507463, 0.431872460217994, 0.8199999999999999, 0.388127539782006, 2.8, 0, 0, 220, 108.6757111389617, 0, 0, 108.6757111389617, 112, 330, 2, 9, 21
8.769, 0.9290038542515418, 0.1059418239538763, 0.08005089058524174, 0.7836940298507463, 0.431872460217994, 0.8199999999999999, 0.388127539782006, 2.8, 0, 0, 220, 108.6757111389617, 0, 0, 108.6757111389617, 106, 331, 6, 1, 21
8.815, 0.9341351222524048, 0.1059710859049807, 0.08005089058524174, 0.7836940298507463, 0.431872460217994, 0.8100000000000001, 0.378127539782006, 2.8, 0, 0, 220, 105.8757111389617, 0, 0, 105.8757111389617, 109, 335, 3, 4, 21
8.869999999999999, 0.939755082443827, 0.1059475853938925, 0.08005089058524174, 0.7836940298507463, 0.431872460217994, 0.75, 0.318127539782006, 2.8, 0, 0, 220, 89.07571113896166, 0, 0, 89.07571113896166, 116, 314, 7, 21, 21
8.92, 0.9451306965399692, 0.1059563561143463, 0.08005089058524174, 0.7836940298507463, 0.431872460217994, 0.71, 0.278127539782006, 2.8, 0, 0, 220, 77.87571113896167, 0, 0, 77.87571113896167, 121, 330, 5, 16, 21
8.971, 0.9505063106361117, 0.1059532171035684, 0.08005089058524174, 0.7836940298507463, 0.431872460217994, 0.71, 0.278127539782006, 2.8, 0, 0, 220, 77.87571113896167, 0, 0, 77.87571113896167, 139, 291, 18, 39, 21
9.023999999999999, 0.9568593091133712, 0.1060349411694782, 0.08005089058524174, 0.7836940298507463, 0.431872460217994, 0.73, 0.298127539782006, 2.8, 0, 0, 220, 83.47571113896167, 0, 0, 83.47571113896167, 150, 302, 11, 11, 21
9.079000000000001, 0.9622349232095136, 0.1059846814857929, 0.08005089058524174, 0.7836940298507463, 0.431872460217994, 0.7800000000000001, 0.348127539782006, 2.8, 0, 0, 220, 97.47571113896168, 0, 0, 97.47571113896168, 127, 305, 23, 3, 21
9.124000000000001, 0.9671218451150978, 0.105997571801304, 0.08005089058524174, 0.7836940298507463, 0.431872460217994, 0.79, 0.3581275397820059, 2.8, 0, 0, 220, 100.2757111389617, 0, 0, 100.2757111389617, 123, 307, 4, 2, 21
9.173999999999999, 0.9722531131159611, 0.1059791926221889, 0.08005089058524174, 0.7836940298507463, 0.431872460217994, 0.8199999999999999, 0.388127539782006, 2.8, 0, 0, 220, 108.6757111389617, 0, 0, 108.6757111389617, 120, 324, 3, 17, 21
9.244999999999999, 0.9800721881648959, 0.1060110533439585, 0.08005089058524174, 0.7836940298507463, 0.431872460217994, 0.8199999999999999, 0.388127539782006, 2.8, 0, 0, 220, 108.6757111389617, 0, 0, 108.6757111389617, 121, 324, 1, 0, 21
9.298999999999999, 0.9856921483563175, 0.1059998008771177, 0.08005089058524174, 0.7836940298507463, 0.431872460217994, 0.8199999999999999, 0.388127539782006, 2.8, 0, 0, 220, 108.6757111389617, 0, 0, 108.6757111389617, 105, 333, 16, 9, 21
9.352, 0.9918008007382978, 0.1060522669737273, 0.08005089058524174, 0.7836940298507463, 0.431872460217994, 0.8, 0.368127539782006, 2.8, 0, 0, 220, 103.0757111389617, 0, 0, 103.0757111389617, 111, 319, 6, 14, 21
9.4, 0.9966877226438818, 0.1060306087919023, 0.08005089058524174, 0.7836940298507463, 0.431872460217994, 0.79, 0.3581275397820059, 2.8, 0, 0, 220, 100.2757111389617, 0, 0, 100.2757111389617, 120, 316, 9, 3, 21
9.449, 1.001818990644745, 0.1060238110535237, 0.08005089058524174, 0.7836940298507463, 0.431872460217994, 0.8, 0.368127539782006, 2.8, 0, 0, 220, 103.0757111389617, 0, 0, 103.0757111389617, 111, 330, 9, 14, 21
9.496, 1.007438950836167, 0.1060908751933622, 0.08005089058524174, 0.7836940298507463, 0.431872460217994, 0.79, 0.3581275397820059, 2.8, 0, 0, 220, 100.2757111389617, 0, 0, 100.2757111389617, 127, 333, 16, 3, 21
9.545, 1.01257021883703, 0.1060838364418051, 0.08005089058524174, 0.7836940298507463, 0.431872460217994, 0.8100000000000001, 0.378127539782006, 2.8, 0, 0, 220, 105.8757111389617, 0, 0, 105.8757111389617, 117, 316, 10, 17, 21
9.595000000000001, 1.017457140742614, 0.1060403481753637, 0.08005089058524174, 0.7836940298507463, 0.431872460217994, 0.8199999999999999, 0.388127539782006, 2.8, 0, 0, 220, 108.6757111389617, 0, 0, 108.6757111389617, 114, 318, 3, 2, 21
9.648999999999999, 1.023321447029315, 0.1060546633878449, 0.08005089058524174, 0.7836940298507463, 0.431872460217994, 0.8, 0.368127539782006, 2.8, 0, 0, 220, 103.0757111389617, 0, 0, 103.0757111389617, 107, 334, 7, 16, 21
9.702999999999999, 1.029430099411295, 0.1060940017944239, 0.08005089058524174, 0.7836940298507463, 0.431872460217994, 0.85, 0.418127539782006, 2.8, 0, 0, 220, 117.0757111389617, 0, 0, 117.0757111389617, 108, 327, 1, 7, 21
9.755000000000001, 1.035294405697996, 0.1061296161658633, 0.08005089058524174, 0.7836940298507463, 0.431872460217994, 0.8199999999999999, 0.388127539782006, 2.8, 0, 0, 220, 108.6757111389617, 0, 0, 108.6757111389617, 118, 328, 10, 1, 21
9.815, 1.041403058079976, 0.1061032152908789, 0.08005089058524174, 0.7836940298507463, 0.431872460217994, 0.16, -0.271872460217994, 2.8, 0, 0, 220, -76.12428886103833, 0, 0, -76.12428886103833, 102, 341, 16, 13, 22
9.866, 1.046778672176119, 0.106099601882842, 0.08005089058524174, 0.7836940298507463, 0.431872460217994, 0.09, -0.3418724602179941, 2.8, 0, 0, 220, -95.72428886103832, 0, 0, -95.72428886103832, 127, 297, 25, 44, 22
9.914, 1.051665594081703, 0.1060788374098954, 0.08005089058524174, 0.7836940298507463, 0.431872460217994, 0.08, -0.351872460217994, 2.8, 0, 0, 220, -98.52428886103834, 0, 0, -98.52428886103834, 219, 236, 92, 61, 22
9.964, 1.057285554273125, 0.1061105534196231, 0.08005089058524174, 0.7836940298507463, 0.431872460217994, 0.09, -0.3418724602179941, 2.8, 0, 0, 220, -95.72428886103832, 0, 0, -95.72428886103832, 293, 133, 74, 103, 22
10.016, 1.062905514464547, 0.1061207582332814, 0.08005089058524174, 0.7836940298507463, 0.431872460217994, 0.08, -0.351872460217994, 2.8, 0, 0, 220, -98.52428886103834, 0, 0, -98.52428886103834, 331, 112, 38, 21, 22
10.061, 1.06803678246541, 0.1061561258786811, 0.08005089058524174, 0.7836940298507463, 0.431872460217994, 0.08, -0.351872460217994, 2.8, 0, 0, 220, -98.52428886103834, 0, 0, -98.52428886103834, 324, 123, 7, 11, 22
10.116, 1.073901088752111, 0.1061586683226682, 0.08005089058524174, 0.7836940298507463, 0.431872460217994, 0.14, -0.291872460217994, 2.8, 0, 0, 220, -81.72428886103832, 0, 0, -81.72428886103832, 321, 119, 3, 4, 22
10.174, 1.079521048943533, 0.1061058628802371, 0.08005089058524174, 0.7836940298507463, 0.431872460217994, 0.49, 0.05812753978200597, 2.8, 0, 0, 220, 16.27571113896167, 0, 0, 16.27571113896167, 298, 134, 23, 15, 23
10.225, 1.085385355230234, 0.1061501569907319, 0.08005089058524174, 0.7836940298507463, 0.431872460217994, 0.79, 0.3581275397820059, 2.8, 0, 0, 220, 100.2757111389617, 0, 0, 100.2757111389617, 274, 171, 24, 37, 23
10.276, 1.091249661516934, 0.1061940114360582, 0.08005089058524174, 0.7836940298507463, 0.431872460217994, 0.8, 0.368127539782006, 2.8, 0, 0, 220, 103.0757111389617, 0, 0, 103.0757111389617, 193, 246, 81, 75, 23
10.329, 1.096380929517798, 0.1061458930697839, 0.08005089058524174, 0.7836940298507463, 0.431872460217994, 0.8100000000000001, 0.378127539782006, 2.8, 0, 0, 220, 105.8757111389617, 0, 0, 105.8757111389617, 97, 318, 96, 72, 23
10.374, 1.101023505328103, 0.1061329771860519, 0.08005089058524174, 0.7836940298507463, 0.431872460217994, 0.8100000000000001, 0.378127539782006, 2.8, 0, 0, 220, 105.8757111389617, 0, 0, 105.8757111389617, 104, 342, 7, 24, 23
10.426, 1.106887811614804, 0.1061661050848651, 0.08005089058524174, 0.7836940298507463, 0.431872460217994, 0.8100000000000001, 0.378127539782006, 2.8, 0, 0, 220, 105.8757111389617, 0, 0, 105.8757111389617, 124, 323, 20, 19, 23
10.473, 1.112263425710946, 0.1062029433506107, 0.08005089058524174, 0.7836940298507463, 0.431872460217994, 0.8199999999999999, 0.388127539782006, 2.8, 0, 0, 220, 108.6757111389617, 0, 0, 108.6757111389617, 105, 335, 19, 12, 23
10.525, 1.117639039807089, 0.106188982404474, 0.08005089058524174, 0.7836940298507463, 0.431872460217994, 0.85, 0.418127539782006, 2.8, 0, 0, 220, 117.0757111389617, 0, 0, 117.0757111389617, 118, 314, 13, 21, 23
10.576, 1.12350334609379, 0.1062314056442691, 0.08005089058524174, 0.7836940298507463, 0.431872460217994, 0.6899999999999999, 0.258127539782006, 2.8, 0, 0, 220, 72.27571113896167, 0, 0, 72.27571113896167, 98, 344, 20, 30, 23
10.635, 1.129367652380491, 0.1061934793023498, 0.08005089058524174, 0.7836940298507463, 0.431872460217994, 0.13, -0.301872460217994, 2.8, 0, 0, 220, -84.52428886103833, 0, 0, -84.52428886103833, 117, 313, 19, 31, 24
10.685, 1.134743266476633, 0.1061996505827453, 0.08005089058524174, 0.7836940298507463, 0.431872460217994, 0.05, -0.381872460217994, 2.8, 0, 0, 220, -106.9242888610383, 0, 0, -106.9242888610383, 176, 253, 59, 60, 24
10.734, 1.139630188382218, 0.106170131207585, 0.08005089058524174, 0.7836940298507463, 0.431872460217994, 0.06, -0.371872460217994, 2.8, 0, 0, 220, -104.1242888610383, 0, 0, -104.1242888610383, 258, 174, 82, 79, 24
10.783, 1.14500580247836, 0.1061862007306278, 0.08005089058524174, 0.7836940298507463, 0.431872460217994, 0.06, -0.371872460217994, 2.8, 0, 0, 220, -104.1242888610383, 0, 0, -104.1242888610383, 313, 118, 55, 56, 24
10.831, 1.149892724383944, 0.1061668104869305, 0.08005089058524174, 0.7836940298507463, 0.431872460217994, 0.06, -0.371872460217994, 2.8, 0, 0, 220, -104.1242888610383, 0, 0, -104.1242888610383, 334, 116, 21, 2, 24
10.877, 1.155268338480087, 0.1062120381061034, 0.08005089058524174, 0.7836940298507463, 0.431872460217994, 0.06, -0.371872460217994, 2.8, 0, 0, 220, -104.1242888610383, 0, 0, -104.1242888610383, 329, 115, 5, 1, 24
10.928, 1.160643952576229, 0.1062082679883079, 0.08005089058524174, 0.7836940298507463, 0.431872460217994, 0.06, -0.371872460217994, 2.8, 0, 0, 220, -104.1242888610383, 0, 0, -104.1242888610383, 327, 114, 2, 1, 24
10.974, 1.165530874481813, 0.1062083902389114, 0.08005089058524174, 0.7836940298507463, 0.431872460217994, 0.08, -0.351872460217994, 2.8, 0, 0, 220, -98.52428886103834, 0, 0, -98.52428886103834, 330, 117, 3, 3, 24
11.024, 1.171150834673235, 0.1062364690378479, 0.08005089058524174, 0.7836940298507463, 0.431872460217994, 0.25, -0.181872460217994, 2.8, 0, 0, 220, -50.92428886103833, 0, 0, -50.92428886103833, 305, 120, 25, 3, 24
11.083, 1.177259487055215, 0.1062220957371844, 0.08005089058524174, 0.7836940298507463, 0.431872460217994, 0.5699999999999999, 0.138127539782006, 2.8, 0, 0, 220, 38.67571113896167, 0, 0, 38.67571113896167, 298, 148, 7, 28, 25
11.131, 1.182390755056078, 0.1062250251600106, 0.08005089058524174, 0.7836940298507463, 0.431872460217994, 0.67, 0.238127539782006, 2.8, 0, 0, 220, 66.67571113896168, 0, 0, 66.67571113896168, 234, 201, 64, 53, 25
11.181, 1.187522023056942, 0.1062089279185173, 0.08005089058524174, 0.7836940298507463, 0.431872460217994, 0.67, 0.238127539782006, 2.8, 0, 0, 220, 66.67571113896168, 0, 0, 66.67571113896168, 172, 267, 62, 66, 25
11.231, 1.192653291057805, 0.1061929740056812, 0.08005089058524174, 0.7836940298507463, 0.431872460217994, 0.4699999999999999, 0.03812753978200597, 2.8, 0, 0, 220, 10.67571113896167, 0, 0, 10.67571113896167, 135, 274, 37, 7, 25
11.281, 1.198273251249227, 0.1062204814510439, 0.08005089058524174, 0.7836940298507463, 0.431872460217994, 0.06, -0.371872460217994, 2.8, 0, 0, 220, -104.1242888610383, 0, 0, -104.1242888610383, 187, 270, 52, 4, 26
11.332, 1.203893211440649, 0.106238370229496, 0.08005089058524174, 0.7836940298507463, 0.431872460217994, 0.06, -0.371872460217994, 2.8, 0, 0, 220, -104.1242888610383, 0, 0, -104.1242888610383, 239, 216, 52, 54, 26
11.384, 1.20951317163207, 0.1062467649009198, 0.08005089058524174, 0.7836940298507463, 0.431872460217994, 0.07000000000000001, -0.361872460217994, 2.8, 0, 0, 220, -101.3242888610383, 0, 0, -101.3242888610383, 307, 113, 68, 103, 26
11.433, 1.214400093537654, 0.1062188483807972, 0.08005089058524174, 0.7836940298507463, 0.431872460217994, 0.06, -0.371872460217994, 2.8, 0, 0, 220, -104.1242888610383, 0, 0, -104.1242888610383, 327, 105, 20, 8, 26
11.479, 1.219775707633797, 0.1062614955687601, 0.08005089058524174, 0.7836940298507463, 0.431872460217994, 0.06, -0.371872460217994, 2.8, 0, 0, 220, -104.1242888610383, 0, 0, -104.1242888610383, 335, 122, 8, 17, 26
11.526, 1.22490697563466, 0.1062733798051935, 0.08005089058524174, 0.7836940298507463, 0.431872460217994, 0.07000000000000001, -0.361872460217994, 2.8, 0, 0, 220, -101.3242888610383, 0, 0, -101.3242888610383, 328, 114, 7, 8, 26
11.575, 1.230282589730803, 0.1062879127197238, 0.08005089058524174, 0.7836940298507463, 0.431872460217994, 0.22, -0.211872460217994, 2.8, 0, 0, 220, -59.32428886103833, 0, 0, -59.32428886103833, 325, 121, 3, 7, 26
11.626, 1.235413857731666, 0.1062630189000229, 0.08005089058524174, 0.7836940298507463, 0.431872460217994, 0.55, 0.118127539782006, 2.8, 0, 0, 220, 33.07571113896167, 0, 0, 33.07571113896167, 314, 131, 11, 10, 27
11.676, 1.240789471827809, 0.1062683686046427, 0.08005089058524174, 0.7836940298507463, 0.431872460217994, 0.6800000000000001, 0.248127539782006, 2.8, 0, 0, 220, 69.47571113896167, 0, 0, 69.47571113896167, 250, 194, 64, 63, 27
11.729, 1.24665377811451, 0.1062881556922593, 0.08005089058524174, 0.7836940298507463, 0.431872460217994, 0.75, 0.318127539782006, 2.8, 0, 0, 220, 89.07571113896166, 0, 0, 89.07571113896166, 167, 272, 83, 78, 27
11.775, 1.251540700020094, 0.1062879575388615, 0.08005089058524174, 0.7836940298507463, 0.431872460217994, 0.71, 0.278127539782006, 2.8, 0, 0, 220, 77.87571113896167, 0, 0, 77.87571113896167, 109, 298, 58, 26, 27
11.827, 1.257160660211516, 0.1062958197523899, 0.08005089058524174, 0.7836940298507463, 0.431872460217994, 0.19, -0.241872460217994, 2.8, 0, 0, 220, -67.72428886103832, 0, 0, -67.72428886103832, 151, 318, 42, 20, 28
11.882, 1.263024966498216, 0.106297337695524, 0.08005089058524174, 0.7836940298507463, 0.431872460217994, 0.09, -0.3418724602179941, 2.8, 0, 0, 220, -95.72428886103832, 0, 0, -95.72428886103832, 164, 279, 13, 39, 28
11.93, 1.26815623449908, 0.1062997681893612, 0.08005089058524174, 0.7836940298507463, 0.431872460217994, 0.08, -0.351872460217994, 2.8, 0, 0, 220, -98.52428886103834, 0, 0, -98.52428886103834, 246, 182, 82, 97, 28
11.976, 1.273043156404664, 0.1062995287579045, 0.08005089058524174, 0.7836940298507463, 0.431872460217994, 0.08, -0.351872460217994, 2.8, 0, 0, 220, -98.52428886103834, 0, 0, -98.52428886103834, 314, 114, 68, 68, 28
12.025, 1.277930078310248, 0.1062727715850518, 0.08005089058524174, 0.7836940298507463, 0.431872460217994, 0.08, -0.351872460217994, 2.8, 0, 0, 220, -98.52428886103834, 0, 0, -98.52428886103834, 326, 114, 12, 0, 28
12.074, 1.28355003850167, 0.1063069437221857, 0.08005089058524174, 0.7836940298507463, 0.431872460217994, 0.09, -0.3418724602179941, 2.8, 0, 0, 220, -95.72428886103832, 0, 0, -95.72428886103832, 331, 134, 5, 20, 28
12.131, 1.28965869088365, 0.1063109958687371, 0.08005089058524174, 0.7836940298507463, 0.431872460217994, 0.24, -0.191872460217994, 2.8, 0, 0, 220, -53.72428886103833, 0, 0, -53.72428886103833, 317, 117, 14, 17, 28
12.185, 1.29576734326563, 0.1063411853316069, 0.08005089058524174, 0.7836940298507463, 0.431872460217994, 0.6, 0.168127539782006, 2.8, 0, 0, 220, 47.07571113896167, 0, 0, 47.07571113896167, 283, 159, 34, 42, 29
12.236, 1.301387303457052, 0.1063572493835446, 0.08005089058524174, 0.7836940298507463, 0.431872460217994, 0.7800000000000001, 0.348127539782006, 2.8, 0, 0, 220, 97.47571113896168, 0, 0, 97.47571113896168, 238, 201, 45, 42, 29
12.286, 1.306029879267357, 0.1063022854686111, 0.08005089058524174, 0.7836940298507463, 0.431872460217994, 0.8100000000000001, 0.378127539782006, 2.8, 0, 0, 220, 105.8757111389617, 0, 0, 105.8757111389617, 169, 261, 69, 60, 29
12.341, 1.312382877744616, 0.1063433172145382, 0.08005089058524174, 0.7836940298507463, 0.431872460217994, 0.77, 0.338127539782006, 2.8, 0, 0, 220, 94.67571113896167, 0, 0, 94.67571113896167, 105, 333, 64, 72, 29
12.396, 1.318247184031317, 0.1063445614739688, 0.08005089058524174, 0.7836940298507463, 0.431872460217994, 0.3, -0.131872460217994, 2.8, 0, 0, 220, -36.92428886103833, 0, 0, -36.92428886103833, 122, 332, 17, 1, 30
12.446, 1.32337845203218, 0.1063296201214993, 0.08005089058524174, 0.7836940298507463, 0.431872460217994, 0.08, -0.351872460217994, 2.8, 0, 0, 220, -98.52428886103834, 0, 0, -98.52428886103834, 151, 287, 29, 45, 30
12.498, 1.328998412223602, 0.1063368868797889, 0.08005089058524174, 0.7836940298507463, 0.431872460217994, 0.07000000000000001, -0.361872460217994, 2.8, 0, 0, 220, -101.3242888610383, 0, 0, -101.3242888610383, 222, 196, 71, 91, 30
12.545, 1.333885334129186, 0.1063280457655788, 0.08005089058524174, 0.7836940298507463, 0.431872460217994, 0.08, -0.351872460217994, 2.8, 0, 0, 220, -98.52428886103834, 0, 0, -98.52428886103834, 299, 126, 77, 70, 30
12.594, 1.339505294320608, 0.1063605918946013, 0.08005089058524174, 0.7836940298507463, 0.431872460217994, 0.08, -0.351872460217994, 2.8, 0, 0, 220, -98.52428886103834, 0, 0, -98.52428886103834, 339, 113, 40, 13, 30
12.642, 1.344392216226192, 0.1063433172145382, 0.08005089058524174, 0.7836940298507463, 0.431872460217994, 0.09, -0.3418724602179941, 2.8, 0, 0, 220, -95.72428886103832, 0, 0, -95.72428886103832, 324, 123, 15, 10, 30
12.69, 1.349767830322335, 0.1063646832405307, 0.08005089058524174, 0.7836940298507463, 0.431872460217994, 0.21, -0.221872460217994, 2.8, 0, 0, 220, -62.12428886103833, 0, 0, -62.12428886103833, 321, 125, 3, 2, 30
12.745, 1.355876482704315, 0.1063849731427473, 0.08005089058524174, 0.7836940298507463, 0.431872460217994, 0.5600000000000001, 0.128127539782006, 2.8, 0, 0, 220, 35.87571113896167, 0, 0, 35.87571113896167, 282, 147, 39, 22, 31
12.794, 1.360763404609899, 0.1063594969993668, 0.08005089058524174, 0.7836940298507463, 0.431872460217994, 0.73, 0.298127539782006, 2.8, 0, 0, 220, 83.47571113896167, 0, 0, 83.47571113896167, 258, 190, 24, 43, 31
12.842, 1.366139018706042, 0.1063805496578447, 0.08005089058524174, 0.7836940298507463, 0.431872460217994, 0.7199999999999999, 0.288127539782006, 2.8, 0, 0, 220, 80.67571113896166, 0, 0, 80.67571113896166, 187, 245, 71, 55, 31
12.89, 1.371025940611626, 0.1063635330187452, 0.08005089058524174, 0.7836940298507463, 0.431872460217994, 0.74, 0.308127539782006, 2.8, 0, 0, 220, 86.27571113896167, 0, 0, 86.27571113896167, 134, 302, 53, 57, 31
12.944, 1.376890246898327, 0.1063728559099449, 0.08005089058524174, 0.7836940298507463, 0.431872460217994, 0.65, 0.218127539782006, 2.8, 0, 0, 220, 61.07571113896167, 0, 0, 61.07571113896167, 136, 308, 2, 6, 31
13.001, 1.382754553185028, 0.1063575535101167, 0.08005089058524174, 0.7836940298507463, 0.431872460217994, 0.27, -0.161872460217994, 2.8, 0, 0, 220, -45.32428886103832, 0, 0, -45.32428886103832, 154, 295, 18, 13, 32
13.046, 1.387885821185891, 0.1063840120485889, 0.08005089058524174, 0.7836940298507463, 0.431872460217994, 0.11, -0.321872460217994, 2.8, 0, 0, 220, -90.12428886103832, 0, 0, -90.12428886103832, 173, 249, 19, 46, 32
13.095, 1.393017089186754, 0.1063777845885265, 0.08005089058524174, 0.7836940298507463, 0.431872460217994, 0.09, -0.3418724602179941, 2.8, 0, 0, 220, -95.72428886103832, 0, 0, -95.72428886103832, 249, 184, 76, 65, 32
13.144, 1.398637049378176, 0.1064087834280414, 0.08005089058524174, 0.7836940298507463, 0.431872460217994, 0.09, -0.3418724602179941, 2.8, 0, 0, 220, -95.72428886103832, 0, 0, -95.72428886103832, 321, 124, 72, 60, 32
13.195, 1.404257009569598, 0.1064234186865932, 0.08005089058524174, 0.7836940298507463, 0.431872460217994, 0.2, -0.2318724602179941, 2.8, 0, 0, 220, -64.92428886103832, 0, 0, -64.92428886103832, 331, 118, 10, 6, 32
13.255, 1.410610008046857, 0.1064209738247346, 0.08005089058524174, 0.7836940298507463, 0.431872460217994, 0.67, 0.238127539782006, 2.8, 0, 0, 220, 66.67571113896168, 0, 0, 66.67571113896168, 291, 159, 40, 41, 33
13.309, 1.41574127604772, 0.1063747295850718, 0.08005089058524174, 0.7836940298507463, 0.431872460217994, 0.79, 0.3581275397820059, 2.8, 0, 0, 220, 100.2757111389617, 0, 0, 100.2757111389617, 248, 177, 43, 18, 33
13.356, 1.421361236239142, 0.1064211767175159, 0.08005089058524174, 0.7836940298507463, 0.431872460217994, 0.8199999999999999, 0.388127539782006, 2.8, 0, 0, 220, 108.6757111389617, 0, 0, 108.6757111389617, 177, 275, 71, 98, 33
13.406, 1.426492504240005, 0.1064070195613908, 0.08005089058524174, 0.7836940298507463, 0.431872460217994, 0.8299999999999999, 0.398127539782006, 2.8, 0, 0, 220, 111.4757111389617, 0, 0, 111.4757111389617, 108, 310, 69, 35, 33
13.455, 1.431868118336148, 0.1064190351792009, 0.08005089058524174, 0.7836940298507463, 0.431872460217994, 0.8100000000000001, 0.378127539782006, 2.8, 0, 0, 220, 105.8757111389617, 0, 0, 105.8757111389617, 114, 346, 6, 36, 33
13.504, 1.436755040241732, 0.1063947748994174, 0.08005089058524174, 0.7836940298507463, 0.431872460217994, 0.77, 0.338127539782006, 2.8, 0, 0, 220, 94.67571113896167, 0, 0, 94.67571113896167, 111, 336, 3, 10, 33
13.555, 1.442619346528433, 0.1064271004447387, 0.08005089058524174, 0.7836940298507463, 0.431872460217994, 0.74, 0.308127539782006, 2.8, 0, 0, 220, 86.27571113896167, 0, 0, 86.27571113896167, 123, 310, 12, 26, 33
13.603, 1.447261922338738, 0.1063928488082583, 0.08005089058524174, 0.7836940298507463, 0.431872460217994, 0.7800000000000001, 0.348127539782006, 2.8, 0, 0, 220, 97.47571113896168, 0, 0, 97.47571113896168, 127, 307, 4, 3, 33
13.651, 1.452637536434881, 0.1064125365493283, 0.08005089058524174, 0.7836940298507463, 0.431872460217994, 0.8100000000000001, 0.378127539782006, 2.8, 0, 0, 220, 105.8757111389617, 0, 0, 105.8757111389617, 133, 314, 6, 7, 33
13.701, 1.458013150531023, 0.1064165499256275, 0.08005089058524174, 0.7836940298507463, 0.431872460217994, 0.77, 0.338127539782006, 2.8, 0, 0, 220, 94.67571113896167, 0, 0, 94.67571113896167, 119, 324, 14, 10, 33
13.751, 1.463633110722445, 0.1064383034486543, 0.08005089058524174, 0.7836940298507463, 0.431872460217994, 0.79, 0.3581275397820059, 2.8, 0, 0, 220, 100.2757111389617, 0, 0, 100.2757111389617, 111, 328, 8, 4, 33
13.801, 1.468764378723308, 0.106424489437237, 0.08005089058524174, 0.7836940298507463, 0.431872460217994, 0.8, 0.368127539782006, 2.8, 0, 0, 220, 103.0757111389617, 0, 0, 103.0757111389617, 130, 305, 19, 23, 33
13.846, 1.473895646724172, 0.1064492016989868, 0.08005089058524174, 0.7836940298507463, 0.431872460217994, 0.84, 0.4081275397820059, 2.8, 0, 0, 220, 114.2757111389617, 0, 0, 114.2757111389617, 120, 323, 10, 18, 33
13.896, 1.479026914725035, 0.1064354429134308, 0.08005089058524174, 0.7836940298507463, 0.431872460217994, 0.84, 0.4081275397820059, 2.8, 0, 0, 220, 114.2757111389617, 0, 0, 114.2757111389617, 103, 328, 17, 5, 33
13.944, 1.484402528821177, 0.1064545703400156, 0.08005089058524174, 0.7836940298507463, 0.431872460217994, 0.8, 0.368127539782006, 2.8, 0, 0, 220, 103.0757111389617, 0, 0, 103.0757111389617, 107, 348, 4, 20, 33
13.994, 1.48977814291732, 0.1064583495010233, 0.08005089058524174, 0.7836940298507463, 0.431872460217994, 0.8100000000000001, 0.378127539782006, 2.8, 0, 0, 220, 105.8757111389617, 0, 0, 105.8757111389617, 101, 323, 6, 25, 33
14.046, 1.495642449204021, 0.1064817349568575, 0.08005089058524174, 0.7836940298507463, 0.431872460217994, 0.8299999999999999, 0.398127539782006, 2.8, 0, 0, 220, 111.4757111389617, 0, 0, 111.4757111389617, 124, 317, 23, 6, 33
14.096, 1.500773717204884, 0.1064680559878607, 0.08005089058524174, 0.7836940298507463, 0.431872460217994, 0.8, 0.368127539782006, 2.8, 0, 0, 220, 103.0757111389617, 0, 0, 103.0757111389617, 112, 339, 12, 22, 33
14.146, 1.505660639110468, 0.1064372005592018, 0.08005089058524174, 0.7836940298507463, 0.431872460217994, 0.8, 0.368127539782006, 2.8, 0, 0, 220, 103.0757111389617, 0, 0, 103.0757111389617, 105, 317, 7, 22, 33
14.2, 1.511769291492448, 0.10646262616144, 0.08005089058524174, 0.7836940298507463, 0.431872460217994, 0.79, 0.3581275397820059, 2.8, 0, 0, 220, 100.2757111389617, 0, 0, 100.2757111389617, 120, 336, 15, 19, 33
14.256, 1.517877943874429, 0.1064729197442781, 0.08005089058524174, 0.7836940298507463, 0.431872460217994, 0.79, 0.3581275397820059, 2.8, 0, 0, 220, 100.2757111389617, 0, 0, 100.2757111389617, 122, 311, 2, 25, 33
14.305, 1.522764865780013, 0.1064498333296059, 0.08005089058524174, 0.7836940298507463, 0.431872460217994, 0.8, 0.368127539782006, 2.8, 0, 0, 220, 103.0757111389617, 0, 0, 103.0757111389617, 115, 319, 7, 8, 33
14.355, 1.528384825971434, 0.1064705556232278, 0.08005089058524174, 0.7836940298507463, 0.431872460217994, 0.85, 0.418127539782006, 2.8, 0, 0, 220, 117.0757111389617, 0, 0, 117.0757111389617, 118, 321, 3, 2, 33
14.4, 1.53278305568646, 0.1064432677560042, 0.08005089058524174, 0.7836940298507463, 0.431872460217994, 0.86, 0.428127539782006, 2.8, 0, 0, 220, 119.8757111389617, 0, 0, 119.8757111389617, 109, 327, 9, 6, 33
14.454, 1.53889170806844, 0.1064682238873973, 0.08005089058524174, 0.7836940298507463, 0.431872460217994, 0.8100000000000001, 0.378127539782006, 2.8, 0, 0, 220, 105.8757111389617, 0, 0, 105.8757111389617, 100, 359, 9, 32, 33
14.502, 1.543778629974024, 0.106452808576336, 0.08005089058524174, 0.7836940298507463, 0.431872460217994, 0.8, 0.368127539782006, 2.8, 0, 0, 220, 103.0757111389617, 0, 0, 103.0757111389617, 100, 317, 0, 42, 33
14.551, 1.549154244070167, 0.1064637649694294, 0.08005089058524174, 0.7836940298507463, 0.431872460217994, 0.75, 0.318127539782006, 2.8, 0, 0, 220, 89.07571113896166, 0, 0, 89.07571113896166, 131, 328, 31, 11, 33
14.596, 1.554041165975751, 0.1064703457094924, 0.08005089058524174, 0.7836940298507463, 0.431872460217994, 0.76, 0.328127539782006, 2.8, 0, 0, 220, 91.87571113896167, 0, 0, 91.87571113896167, 114, 312, 17, 16, 33
14.644, 1.559416780071893, 0.1064884444190039, 0.08005089058524174, 0.7836940298507463, 0.431872460217994, 0.76, 0.328127539782006, 2.8, 0, 0, 220, 91.87571113896167, 0, 0, 91.87571113896167, 131, 305, 17, 7, 33
14.699, 1.565281086358594, 0.1064889507013126, 0.08005089058524174, 0.7836940298507463, 0.431872460217994, 0.7800000000000001, 0.348127539782006, 2.8, 0, 0, 220, 97.47571113896168, 0, 0, 97.47571113896168, 135, 327, 4, 22, 33
14.754, 1.571389738740575, 0.106506014554736, 0.08005089058524174, 0.7836940298507463, 0.431872460217994, 0.8, 0.368127539782006, 2.8, 0, 0, 220, 103.0757111389617, 0, 0, 103.0757111389617, 117, 311, 18, 16, 33
14.806, 1.576765352836717, 0.1064950258568633, 0.08005089058524174, 0.7836940298507463, 0.431872460217994, 0.8199999999999999, 0.388127539782006, 2.8, 0, 0, 220, 108.6757111389617, 0, 0, 108.6757111389617, 117, 326, 0, 15, 33
14.857, 1.58214096693286, 0.10649128134434, 0.08005089058524174, 0.7836940298507463, 0.431872460217994, 0.8, 0.368127539782006, 2.8, 0, 0, 220, 103.0757111389617, 0, 0, 103.0757111389617, 114, 316, 3, 10, 33
14.905, 1.587272234933723, 0.1064926021424839, 0.08005089058524174, 0.7836940298507463, 0.431872460217994, 0.8, 0.368127539782006, 2.8, 0, 0, 220, 103.0757111389617, 0, 0, 103.0757111389617, 114, 324, 0, 8, 33
14.957, 1.592892195125145, 0.1064981075834154, 0.08005089058524174, 0.7836940298507463, 0.431872460217994, 0.79, 0.3581275397820059, 2.8, 0, 0, 220, 100.2757111389617, 0, 0, 100.2757111389617, 114, 325, 0, 1, 33
15.005, 1.598023463126008, 0.1064993977424864, 0.08005089058524174, 0.7836940298507463, 0.431872460217994, 0.79, 0.3581275397820059, 2.8, 0, 0, 220, 100.2757111389617, 0, 0, 100.2757111389617, 121, 314, 7, 11, 33
15.059, 1.60364342331743, 0.1064906981418042, 0.08005089058524174, 0.7836940298507463, 0.431872460217994, 0.79, 0.3581275397820059, 2.8, 0, 0, 220, 100.2757111389617, 0, 0, 100.2757111389617, 116, 330, 5, 16, 33
15.104, 1.608774691318293, 0.1065131548807132, 0.08005089058524174, 0.7836940298507463, 0.431872460217994, 0.8100000000000001, 0.378127539782006, 2.8, 0, 0, 220, 105.8757111389617, 0, 0, 105.8757111389617, 122, 306, 6, 24, 33
15.155, 1.614394651509715, 0.1065255461240327, 0.08005089058524174, 0.7836940298507463, 0.431872460217994, 0.7800000000000001, 0.348127539782006, 2.8, 0, 0, 220, 97.47571113896168, 0, 0, 97.47571113896168, 107, 340, 15, 34, 33
15.205, 1.619281573415299, 0.1064966506685498, 0.08005089058524174, 0.7836940298507463, 0.431872460217994, 0.7800000000000001, 0.348127539782006, 2.8, 0, 0, 220, 97.47571113896168, 0, 0, 97.47571113896168, 119, 311, 12, 29, 33
15.255, 1.624901533606721, 0.1065159969588149, 0.08005089058524174, 0.7836940298507463, 0.431872460217994, 0.61, 0.178127539782006, 2.8, 0, 0, 220, 49.87571113896167, 0, 0, 49.87571113896167, 125, 315, 6, 4, 33
