Tempo (s), Distância (m), Refletância (%), Erro (%), Correção (deg/s), Velocidade Esq. (deg/s), Velocidade Dir. (deg/s), Velocidade Média (m/s), Oscilação, Suavidade (deg/s)
0.016, 0.0, 0.4, -0.01392961102154288, -3.482402755385721, 0, 0, 0.0, 0, 0
0.051, 0.0, 0.73, 0.3160703889784571, 79.01759724461428, 0, 0, 0.0, 1, 0
0.091, 0.0009773843811168245, 0.74, 0.3260703889784571, 81.51759724461428, 26, 55, 1.074048770458049e-05, 1, 44
0.131, 0.003909537524467298, 0.73, 0.3160703889784571, 79.01759724461428, 144, 174, 2.984379789669693e-05, 1, 271
0.17, 0.006841690667817772, 0.77, 0.3560703889784571, 89.01759724461428, 131, 191, 4.024523922245748e-05, 1, 18
0.209, 0.009773843811168245, 0.77, 0.3560703889784571, 89.01759724461428, 79, 242, 4.676480292424998e-05, 1, 106
0.249, 0.01392772743091475, 0.6800000000000001, 0.2660703889784571, 66.51759724461428, 124, 309, 5.593464831692669e-05, 1, 108
0.291, 0.01881464933649887, 0.33, -0.08392961102154288, -20.98240275538572, 142, 308, 6.465515235910264e-05, 2, 32
0.333, 0.02296853295624538, 0.1, -0.3139296110215429, -78.48240275538572, 149, 252, 6.897457344217832e-05, 2, 48
0.375, 0.02638937829015426, 0.07000000000000001, -0.3439296110215429, -85.98240275538572, 207, 159, 7.037167544041138e-05, 2, 138
0.417, 0.03078760800517997, 0.07000000000000001, -0.3439296110215429, -85.98240275538572, 284, 113, 7.383119425702631e-05, 2, 147
0.452, 0.03396410724380966, 0.09, -0.3239296110215429, -80.98240275538572, 289, 100, 7.514183018541959e-05, 2, 27
0.495, 0.03811799086355616, 0.22, -0.1939296110215429, -48.48240275538572, 293, 128, 7.70060421485983e-05, 2, 29
0.5380000000000001, 0.04300491276914028, 0.4699999999999999, 0.05607038897845712, 14.01759724461428, 284, 138, 7.993478209877375e-05, 3, 16
0.58, 0.04667010419832837, 0.63, 0.2160703889784571, 54.01759724461428, 215, 167, 8.046569689366962e-05, 3, 86
0.618, 0.05057964172279567, 0.67, 0.2560703889784572, 64.01759724461428, 171, 227, 8.184408045759817e-05, 3, 111
0.656, 0.05424483315198376, 0.7, 0.2860703889784571, 71.51759724461428, 130, 266, 8.269029443899964e-05, 3, 81
0.6989999999999999, 0.05815437067645107, 0.65, 0.2360703889784571, 59.01759724461428, 119, 251, 8.319652457289136e-05, 3, 41
0.74, 0.06230825429619756, 0.37, -0.04392961102154288, -10.98240275538572, 139, 276, 8.420034364351022e-05, 4, 45
0.7800000000000001, 0.06646213791594407, 0.14, -0.2739296110215429, -68.48240275538572, 160, 255, 8.520786912300522e-05, 4, 36
0.8199999999999999, 0.07012732934513216, 0.1, -0.3139296110215429, -78.48240275538572, 211, 172, 8.552113334772216e-05, 4, 131
0.858, 0.07379252077432024, 0.09, -0.3239296110215429, -80.98240275538572, 271, 120, 8.600526896773923e-05, 4, 117
0.898, 0.07770205829878756, 0.14, -0.2739296110215429, -68.48240275538572, 282, 104, 8.652790456435138e-05, 4, 30
0.9399999999999999, 0.08136724972797564, 0.43, 0.01607038897845712, 4.017597244614279, 274, 128, 8.656090396593154e-05, 5, 31
0.9789999999999999, 0.08576547944300135, 0.65, 0.2360703889784571, 59.01759724461428, 272, 159, 8.76051883993885e-05, 5, 28
1.017, 0.08918632477691023, 0.8, 0.3860703889784571, 96.51759724461428, 183, 197, 8.769550125556563e-05, 5, 124
1.056, 0.09285151620609835, 0.7800000000000001, 0.3660703889784571, 91.51759724461428, 122, 267, 8.792757216486585e-05, 5, 134
1.094, 0.09651670763528644, 0.73, 0.3160703889784571, 79.01759724461428, 101, 308, 8.82236815679035e-05, 5, 69
1.138, 0.1009149373503121, 0.44, 0.02607038897845712, 6.517597244614279, 124, 287, 8.867744934122332e-05, 5, 38
1.177, 0.1050688209700586, 0.16, -0.2539296110215429, -63.48240275538572, 146, 277, 8.926832707736503e-05, 6, 32
1.216, 0.1089783584945259, 0.09, -0.3239296110215429, -80.98240275538572, 195, 187, 8.962036060405094e-05, 6, 127
1.26, 0.112643549923714, 0.08, -0.3339296110215429, -83.48240275538572, 268, 119, 8.939964279659842e-05, 6, 154
1.296, 0.1160643952576229, 0.09, -0.3239296110215429, -80.98240275538572, 273, 104, 8.955586053828927e-05, 6, 28
1.333, 0.1199739327820902, 0.11, -0.3039296110215429, -75.98240275538572, 277, 133, 9.00029503241487e-05, 6, 26
1.373, 0.1238834703065575, 0.23, -0.1839296110215429, -45.98240275538572, 294, 130, 9.022831049275856e-05, 6, 20
1.416, 0.128037353926304, 0.5, 0.08607038897845712, 21.51759724461428, 266, 132, 9.042186011744635e-05, 7, 32
1.456, 0.1321912375460505, 0.7, 0.2860703889784571, 71.51759724461428, 231, 180, 9.079068512778196e-05, 7, 75
1.5, 0.136345121165797, 0.7800000000000001, 0.3660703889784571, 91.51759724461428, 149, 217, 9.089674744386469e-05, 7, 133
1.54, 0.1400103125949851, 0.7800000000000001, 0.3660703889784571, 91.51759724461428, 107, 287, 9.091578739934098e-05, 7, 110
1.579, 0.1439198501194524, 0.63, 0.2160703889784571, 54.01759724461428, 106, 309, 9.11462002023131e-05, 7, 30
1.62, 0.1480737337391989, 0.3, -0.1139296110215429, -28.48240275538572, 123, 276, 9.140353934518453e-05, 8, 46
1.659, 0.1519832712636662, 0.13, -0.2839296110215429, -70.98240275538572, 156, 248, 9.161137508358422e-05, 8, 57
1.7, 0.1556484626928543, 0.09, -0.3239296110215429, -80.98240275538572, 217, 176, 9.155791923109076e-05, 8, 125
1.739, 0.1593136541220424, 0.09, -0.3239296110215429, -80.98240275538572, 273, 94, 9.161222203682716e-05, 8, 149
1.776, 0.1627344994559513, 0.11, -0.3039296110215429, -75.98240275538572, 279, 118, 9.16297857297023e-05, 8, 19
1.816, 0.167132729170977, 0.2, -0.2139296110215429, -53.48240275538572, 293, 135, 9.203344117344548e-05, 8, 42
1.856, 0.1710422666954443, 0.38, -0.03392961102154288, -8.482402755385721, 263, 129, 9.21563936936661e-05, 8, 30
1.9, 0.1751961503151908, 0.54, 0.1260703889784571, 31.51759724461428, 229, 171, 9.22085001658899e-05, 9, 75
1.939, 0.1791056878396581, 0.6600000000000001, 0.2460703889784571, 61.51759724461428, 172, 205, 9.237013297558438e-05, 9, 94
1.979, 0.1827708792688462, 0.67, 0.2560703889784572, 64.01759724461428, 150, 227, 9.235516890795664e-05, 9, 45
2.018, 0.1866804167933135, 0.65, 0.2360703889784571, 59.01759724461428, 156, 270, 9.250763963989767e-05, 9, 47
2.058, 0.1908343004130599, 0.5300000000000001, 0.1160703889784571, 29.01759724461428, 157, 280, 9.272803712976675e-05, 9, 14
2.101, 0.1949881840328065, 0.3, -0.1139296110215429, -28.48240275538572, 152, 229, 9.280732224312542e-05, 10, 59
2.14, 0.1986533754619946, 0.19, -0.2239296110215429, -55.98240275538572, 178, 206, 9.282868012242737e-05, 10, 57
2.18, 0.2023185668911827, 0.17, -0.2439296110215428, -60.98240275538572, 229, 159, 9.280668206017552e-05, 10, 87
2.219, 0.20622810441565, 0.18, -0.2339296110215429, -58.48240275538572, 263, 140, 9.293740622607029e-05, 10, 64
2.27, 0.2116037185117925, 0.32, -0.09392961102154288, -23.48240275538572, 265, 140, 9.321749714175882e-05, 10, 4
2.319, 0.2162462943220974, 0.54, 0.1260703889784571, 31.51759724461428, 235, 170, 9.324980350241372e-05, 11, 51
2.358, 0.2199114857512855, 0.7, 0.2860703889784571, 71.51759724461428, 196, 195, 9.326186842717792e-05, 11, 65
2.398, 0.2238210232757528, 0.74, 0.3260703889784571, 81.51759724461428, 162, 250, 9.333654014835396e-05, 11, 83
2.438, 0.2279749068954994, 0.6899999999999999, 0.2760703889784571, 69.01759724461428, 120, 269, 9.35089856011072e-05, 11, 70
2.481, 0.2318844444199666, 0.49, 0.07607038897845713, 19.01759724461428, 113, 278, 9.346410496572616e-05, 11, 19
2.52, 0.2357939819444339, 0.23, -0.1839296110215429, -45.98240275538572, 143, 267, 9.356904045414044e-05, 12, 34
2.563, 0.2399478655641804, 0.14, -0.2739296110215429, -68.48240275538572, 194, 188, 9.361992413740944e-05, 12, 134
2.6, 0.2433687108980893, 0.12, -0.2939296110215428, -73.48240275538572, 245, 145, 9.360335034541896e-05, 12, 87
2.641, 0.2472782484225566, 0.15, -0.2639296110215429, -65.98240275538572, 277, 119, 9.363053707783283e-05, 12, 67
2.679, 0.2511877859470239, 0.24, -0.1739296110215429, -43.48240275538572, 278, 132, 9.376177153677638e-05, 12, 12
2.719, 0.2553416695667704, 0.48, 0.06607038897845712, 16.51759724461428, 269, 156, 9.391013959792954e-05, 13, 30
2.756, 0.2590068609959585, 0.6800000000000001, 0.2660703889784571, 66.51759724461428, 238, 181, 9.397926741507929e-05, 13, 52
2.799, 0.2631607446157051, 0.73, 0.3160703889784571, 79.01759724461428, 157, 223, 9.401955863369238e-05, 13, 128
2.841, 0.2668259360448931, 0.6899999999999999, 0.2760703889784571, 69.01759724461428, 108, 264, 9.391972405663253e-05, 13, 93
2.881, 0.2709798196646396, 0.52, 0.1060703889784571, 26.51759724461428, 126, 296, 9.405755628762222e-05, 13, 43
2.919, 0.2748893571891069, 0.28, -0.1339296110215429, -33.48240275538572, 156, 267, 9.41724416543703e-05, 14, 51
2.959, 0.2787988947135742, 0.11, -0.3039296110215429, -75.98240275538572, 194, 216, 9.422064708130252e-05, 14, 86
3.001, 0.2829527783333207, 0.09, -0.3239296110215429, -80.98240275538572, 235, 140, 9.428616405642144e-05, 14, 123
3.039, 0.2863736236672296, 0.12, -0.2939296110215428, -73.48240275538572, 274, 105, 9.423284753775242e-05, 14, 77
3.08, 0.2900388150964177, 0.23, -0.1839296110215429, -45.98240275538572, 280, 117, 9.416844645987586e-05, 14, 20
3.121, 0.2941926987161642, 0.5600000000000001, 0.1460703889784571, 36.51759724461428, 268, 148, 9.426231935795071e-05, 15, 41
3.163, 0.2985909284311898, 0.7800000000000001, 0.3660703889784571, 91.51759724461428, 239, 170, 9.4401178764208e-05, 15, 46
3.201, 0.3025004659556572, 0.8100000000000001, 0.3960703889784572, 99.01759724461428, 166, 232, 9.450186377871203e-05, 15, 135
3.242, 0.3061656573848453, 0.8, 0.3860703889784571, 96.51759724461428, 89, 285, 9.443727865047665e-05, 15, 131
3.281, 0.3095865027187541, 0.67, 0.2560703889784572, 64.01759724461428, 92, 299, 9.435736138944048e-05, 15, 21
3.325, 0.3142290785290591, 0.31, -0.1039296110215429, -25.98240275538572, 127, 291, 9.450498602377717e-05, 16, 35
3.364, 0.3181386160535264, 0.11, -0.3039296110215429, -75.98240275538572, 149, 250, 9.457152676977598e-05, 16, 65
3.403, 0.3220481535779936, 0.07000000000000001, -0.3439296110215429, -85.98240275538572, 201, 183, 9.463654233852298e-05, 16, 121
3.446, 0.3257133450071818, 0.08, -0.3339296110215429, -83.48240275538572, 273, 118, 9.451925275890359e-05, 16, 139
3.483, 0.3293785364363699, 0.08, -0.3339296110215429, -83.48240275538572, 291, 111, 9.456748103254949e-05, 16, 30
3.523, 0.3335324200561163, 0.11, -0.3039296110215429, -75.98240275538572, 294, 120, 9.467284134434186e-05, 16, 14
3.566, 0.3379306497711421, 0.17, -0.2439296110215428, -60.98240275538572, 284, 119, 9.476462416465004e-05, 16, 10
3.607, 0.3415958412003302, 0.26, -0.1539296110215429, -38.48240275538572, 267, 140, 9.470358780158861e-05, 16, 31
3.646, 0.3455053787247975, 0.35, -0.06392961102154287, -15.98240275538572, 227, 157, 9.476285757674095e-05, 16, 60
3.686, 0.3494149162492648, 0.45, 0.03607038897845711, 9.017597244614279, 226, 170, 9.479514819567681e-05, 17, 18
3.728, 0.3535687998690113, 0.51, 0.09607038897845712, 24.01759724461428, 206, 199, 9.484141627387642e-05, 17, 45
3.766, 0.3572339912981993, 0.4699999999999999, 0.05607038897845712, 14.01759724461428, 168, 227, 9.485767161396689e-05, 17, 73
3.809, 0.3611435288226666, 0.25, -0.1639296110215429, -40.98240275538572, 187, 205, 9.481321313275576e-05, 18, 38
3.847, 0.365053066347134, 0.11, -0.3039296110215429, -75.98240275538572, 203, 205, 9.489292080767715e-05, 18, 14
3.888, 0.3692069499668804, 0.08, -0.3339296110215429, -83.48240275538572, 252, 155, 9.496063527954743e-05, 18, 101
3.926, 0.3726277953007893, 0.08, -0.3339296110215429, -83.48240275538572, 282, 98, 9.491283629668603e-05, 18, 88
3.968, 0.3767816789205359, 0.08, -0.3339296110215429, -83.48240275538572, 287, 112, 9.495506021182859e-05, 18, 16
4.008, 0.3806912164450031, 0.08, -0.3339296110215429, -83.48240275538572, 295, 120, 9.498283843438202e-05, 18, 25
4.051, 0.3850894461600289, 0.09, -0.3239296110215429, -80.98240275538572, 266, 111, 9.506034217724732e-05, 18, 45
4.09, 0.388754637589217, 0.1, -0.3139296110215429, -78.48240275538572, 282, 122, 9.505003364039533e-05, 18, 25
4.128, 0.3926641751136843, 0.12, -0.2939296110215428, -73.48240275538572, 293, 120, 9.512213544420645e-05, 18, 16
4.166, 0.3963293665428723, 0.14, -0.2739296110215429, -68.48240275538572, 279, 124, 9.513426945340191e-05, 18, 14
4.206, 0.4002389040673396, 0.2, -0.2139296110215429, -53.48240275538572, 258, 130, 9.515903567934846e-05, 18, 33
4.248, 0.4041484415918069, 0.27, -0.1439296110215429, -35.98240275538572, 257, 136, 9.513852203196961e-05, 18, 4
4.289, 0.4083023252115535, 0.36, -0.05392961102154288, -13.48240275538572, 244, 161, 9.519755775508358e-05, 18, 35
4.328, 0.4122118627360207, 0.37, -0.04392961102154288, -10.98240275538572, 222, 173, 9.524303667652976e-05, 18, 35
4.368, 0.4161214002604881, 0.23, -0.1839296110215429, -45.98240275538572, 214, 190, 9.52658883380238e-05, 18, 27
4.406, 0.4197865916896761, 0.09, -0.3239296110215429, -80.98240275538572, 216, 187, 9.527612158186022e-05, 18, 5
4.448, 0.4236961292141434, 0.08, -0.3339296110215429, -83.48240275538572, 261, 140, 9.525542473339556e-05, 18, 99
4.486, 0.4276056667386107, 0.07000000000000001, -0.3439296110215429, -85.98240275538572, 297, 103, 9.532003271034567e-05, 18, 75
4.526, 0.4312708581677988, 0.08, -0.3339296110215429, -83.48240275538572, 277, 121, 9.528741895002181e-05, 18, 30
4.569, 0.4354247417875453, 0.07000000000000001, -0.3439296110215429, -85.98240275538572, 282, 119, 9.529979027961158e-05, 18, 9
4.606, 0.4390899332167334, 0.07000000000000001, -0.3439296110215429, -85.98240275538572, 284, 110, 9.532998984297295e-05, 18, 11
4.645, 0.4427551246459215, 0.08, -0.3339296110215429, -83.48240275538572, 281, 105, 9.531864900880979e-05, 18, 7
4.683, 0.4466646621703888, 0.08, -0.3339296110215429, -83.48240275538572, 287, 122, 9.538002608806082e-05, 18, 23
4.727, 0.4510628918854145, 0.08, -0.3339296110215429, -83.48240275538572, 290, 114, 9.542265535972383e-05, 18, 10
4.768, 0.4547280833146027, 0.08, -0.3339296110215429, -83.48240275538572, 278, 119, 9.537082284282773e-05, 18, 17
4.808, 0.4586376208390699, 0.08, -0.3339296110215429, -83.48240275538572, 277, 112, 9.539052014123751e-05, 18, 10
4.849, 0.4627915044588164, 0.08, -0.3339296110215429, -83.48240275538572, 286, 119, 9.54406072301127e-05, 18, 16
4.886, 0.4662123497927253, 0.08, -0.3339296110215429, -83.48240275538572, 285, 119, 9.541800036691061e-05, 18, 3
4.928, 0.4703662334124718, 0.07000000000000001, -0.3439296110215429, -85.98240275538572, 278, 110, 9.54476934684399e-05, 18, 22
4.966, 0.4742757709369391, 0.08, -0.3339296110215429, -83.48240275538572, 292, 117, 9.550458536788945e-05, 18, 18
5.007, 0.4781853084614064, 0.08, -0.3339296110215429, -83.48240275538572, 270, 115, 9.55033569924918e-05, 18, 9
5.054, 0.4825835381764321, 0.08, -0.3339296110215429, -83.48240275538572, 265, 118, 9.548546461741829e-05, 18, 21
5.094, 0.4862487296056202, 0.07000000000000001, -0.3439296110215429, -85.98240275538572, 292, 114, 9.545518837958779e-05, 18, 31
5.135, 0.4904026132253668, 0.08, -0.3339296110215429, -83.48240275538572, 290, 114, 9.550196946939955e-05, 18, 4
5.174, 0.4945564968451132, 0.08, -0.3339296110215429, -83.48240275538572, 298, 114, 9.558494334076403e-05, 18, 12
5.218, 0.498954726560139, 0.08, -0.3339296110215429, -83.48240275538572, 286, 119, 9.562183337679935e-05, 18, 17
5.26, 0.5028642640846063, 0.09, -0.3239296110215429, -80.98240275538572, 275, 115, 9.560157111874643e-05, 18, 14
5.299, 0.5065294555137943, 0.08, -0.3339296110215429, -83.48240275538572, 279, 113, 9.558963115942525e-05, 18, 2
5.336, 0.5101946469429823, 0.08, -0.3339296110215429, -83.48240275538572, 278, 123, 9.561368945708065e-05, 18, 15
5.376, 0.5138598383721705, 0.09, -0.3239296110215429, -80.98240275538572, 277, 110, 9.558404731625195e-05, 18, 22
5.415, 0.5180137219919169, 0.08, -0.3339296110215429, -83.48240275538572, 291, 121, 9.566273720995696e-05, 18, 28
5.455, 0.5219232595163843, 0.08, -0.3339296110215429, -83.48240275538572, 285, 127, 9.567795774819142e-05, 18, 24
5.495, 0.5258327970408516, 0.08, -0.3339296110215429, -83.48240275538572, 294, 110, 9.569295669533242e-05, 18, 32
5.539, 0.5299866806605982, 0.08, -0.3339296110215429, -83.48240275538572, 268, 108, 9.568273707539234e-05, 18, 37
5.578, 0.5336518720897861, 0.08, -0.3339296110215429, -83.48240275538572, 288, 119, 9.56708268357451e-05, 18, 30
5.618, 0.5378057557095327, 0.08, -0.3339296110215429, -83.48240275538572, 281, 116, 9.572904160013042e-05, 18, 6
5.656, 0.5414709471387208, 0.11, -0.3039296110215429, -75.98240275538572, 279, 122, 9.573390154503549e-05, 18, 14
5.699, 0.5456248307584673, 0.14, -0.2739296110215429, -68.48240275538572, 282, 118, 9.574045108939591e-05, 18, 10
5.739, 0.5495343682829345, 0.21, -0.2039296110215429, -50.98240275538572, 263, 129, 9.575437676998336e-05, 18, 28
5.776, 0.5529552136168435, 0.29, -0.1239296110215429, -30.98240275538572, 250, 141, 9.573324335471668e-05, 18, 28
5.819, 0.5573534433318692, 0.4, -0.01392961102154288, -3.482402755385721, 246, 159, 9.578165377760254e-05, 18, 19
5.859, 0.5612629808563366, 0.43, 0.01607038897845712, 4.017597244614279, 218, 191, 9.579501294697669e-05, 19, 57
5.9, 0.5651725183808038, 0.34, -0.07392961102154288, -18.48240275538572, 184, 205, 9.579195226793285e-05, 20, 53
5.939, 0.569082055905271, 0.2, -0.2139296110215429, -53.48240275538572, 205, 190, 9.582119143042114e-05, 20, 35
5.978, 0.5727472473344592, 0.12, -0.2939296110215428, -73.48240275538572, 235, 174, 9.580917486357629e-05, 20, 45
6.017, 0.5764124387636473, 0.11, -0.3039296110215429, -75.98240275538572, 260, 133, 9.579731407074078e-05, 20, 60
6.059, 0.5805663223833938, 0.12, -0.2939296110215428, -73.48240275538572, 283, 118, 9.581883518458389e-05, 20, 46
6.099, 0.5844758599078611, 0.18, -0.2339296110215429, -58.48240275538572, 277, 125, 9.583142480863438e-05, 20, 13
6.139, 0.5886297435276076, 0.26, -0.1539296110215429, -38.48240275538572, 273, 141, 9.588365263521869e-05, 20, 17
6.178, 0.5922949349567958, 0.35, -0.06392961102154287, -15.98240275538572, 250, 150, 9.58716307796691e-05, 20, 28
6.219, 0.5964488185765422, 0.45, 0.03607038897845711, 9.017597244614279, 214, 171, 9.590751223292205e-05, 21, 64
6.258, 0.6001140100057302, 0.4, -0.01392961102154288, -3.482402755385721, 192, 200, 9.589549536684729e-05, 22, 47
6.3, 0.6042678936254767, 0.34, -0.07392961102154288, -18.48240275538572, 192, 208, 9.59155386707106e-05, 22, 18
6.339, 0.6079330850546648, 0.22, -0.1939296110215429, -48.48240275538572, 217, 174, 9.590362597486431e-05, 22, 60
6.38, 0.6120869686744113, 0.18, -0.2339296110215429, -58.48240275538572, 234, 179, 9.593839634395161e-05, 22, 25
6.42, 0.6157521601035994, 0.17, -0.2439296110215428, -60.98240275538572, 241, 145, 9.591155141800614e-05, 22, 41
6.459, 0.6194173515327877, 0.19, -0.2239296110215429, -55.98240275538572, 257, 130, 9.589988412026436e-05, 22, 31
6.496, 0.6230825429619756, 0.23, -0.1839296110215429, -45.98240275538572, 266, 151, 9.591787915055042e-05, 22, 24
6.539, 0.6274807726770014, 0.37, -0.04392961102154288, -10.98240275538572, 251, 152, 9.595974501865749e-05, 22, 21
6.576, 0.6311459641061895, 0.5, 0.08607038897845712, 21.51759724461428, 237, 157, 9.597718432271737e-05, 23, 15
6.613, 0.6345668094400983, 0.58, 0.1660703889784571, 41.51759724461428, 189, 205, 9.595747912295451e-05, 23, 88
6.656, 0.6389650391551241, 0.5600000000000001, 0.1460703889784571, 36.51759724461428, 177, 241, 9.599835323845014e-05, 23, 61
6.696, 0.6431189227748705, 0.39, -0.02392961102154288, -5.982402755385721, 160, 245, 9.604523936303323e-05, 24, 20
6.738, 0.6467841142040585, 0.2, -0.2139296110215429, -53.48240275538572, 174, 214, 9.59905185817837e-05, 24, 35
6.778, 0.6506936517285259, 0.14, -0.2739296110215429, -68.48240275538572, 219, 172, 9.600083383424696e-05, 24, 93
6.813, 0.6541144970624347, 0.14, -0.2739296110215429, -68.48240275538572, 257, 138, 9.600976032033389e-05, 24, 72
6.856, 0.6582683806821814, 0.18, -0.2339296110215429, -58.48240275538572, 259, 127, 9.601347442855619e-05, 24, 16
6.898, 0.662666610397207, 0.29, -0.1239296110215429, -30.98240275538572, 283, 142, 9.60664845458404e-05, 24, 41
6.938, 0.6665761479216743, 0.42, 0.006070388978457117, 1.517597244614279, 245, 157, 9.607612394374089e-05, 25, 54
6.975, 0.6704856854461417, 0.52, 0.1060703889784571, 26.51759724461428, 221, 192, 9.612697999227835e-05, 25, 56
7.015, 0.6739065307800505, 0.61, 0.1960703889784571, 49.01759724461428, 165, 203, 9.606650474412694e-05, 25, 63
7.057, 0.6775717222092386, 0.5899999999999999, 0.1760703889784571, 44.01759724461428, 143, 222, 9.601413096347438e-05, 25, 44
7.098, 0.6817256058289852, 0.45, 0.03607038897845711, 9.017597244614279, 163, 265, 9.604474581980631e-05, 25, 67
7.138, 0.6858794894487317, 0.28, -0.1339296110215429, -33.48240275538572, 193, 239, 9.608846868152588e-05, 26, 54
7.178, 0.6897890269731989, 0.19, -0.2239296110215429, -55.98240275538572, 201, 188, 9.609766327294496e-05, 26, 62
7.22, 0.6939429105929454, 0.16, -0.2539296110215429, -63.48240275538572, 244, 147, 9.611397653641902e-05, 26, 81
7.266, 0.6983411403079711, 0.22, -0.1939296110215429, -48.48240275538572, 266, 132, 9.611080929094015e-05, 26, 42
7.308, 0.7024950239277176, 0.41, -0.003929611021542883, -0.9824027553857206, 247, 151, 9.612685056482178e-05, 26, 34
7.35, 0.7068932536427433, 0.5699999999999999, 0.1560703889784571, 39.01759724461428, 246, 170, 9.617595287656373e-05, 27, 20
7.389, 0.7108027911672107, 0.67, 0.2560703889784572, 64.01759724461428, 182, 208, 9.619742741469896e-05, 27, 96
7.428, 0.7142236365011194, 0.6600000000000001, 0.2460703889784571, 61.51759724461428, 139, 246, 9.615288590483569e-05, 27, 88
7.466, 0.7178888279303077, 0.49, 0.07607038897845713, 19.01759724461428, 127, 267, 9.615441038445052e-05, 27, 40
7.508, 0.7220427115500542, 0.24, -0.1739296110215429, -43.48240275538572, 157, 247, 9.616978044087029e-05, 28, 52
7.548, 0.7261965951698008, 0.14, -0.2739296110215429, -68.48240275538572, 200, 197, 9.621046570877063e-05, 28, 82
7.585, 0.7293730944084302, 0.13, -0.2839296110215429, -70.98240275538572, 242, 146, 9.615993334323404e-05, 28, 92
7.625, 0.7332826319328976, 0.18, -0.2339296110215429, -58.48240275538572, 278, 117, 9.616821402398656e-05, 28, 77
7.666, 0.7374365155526441, 0.38, -0.03392961102154288, -8.482402755385721, 282, 138, 9.619573644047014e-05, 28, 24
7.709, 0.7418347452676699, 0.6600000000000001, 0.2460703889784571, 61.51759724461428, 237, 165, 9.622969843918405e-05, 29, 81
7.75, 0.7457442827921371, 0.79, 0.3760703889784571, 94.01759724461428, 183, 206, 9.622506874737253e-05, 29, 97
7.789, 0.7494094742213251, 0.8100000000000001, 0.3960703889784572, 99.01759724461428, 130, 261, 9.621382388256839e-05, 29, 85
7.828, 0.7528303195552342, 0.8100000000000001, 0.3960703889784572, 99.01759724461428, 89, 295, 9.617147669331045e-05, 29, 96
7.868, 0.7569842031749806, 0.79, 0.3760703889784571, 94.01759724461428, 98, 319, 9.62104986241714e-05, 29, 35
7.906, 0.7608937406994479, 0.7800000000000001, 0.3660703889784571, 91.51759724461428, 105, 308, 9.624256775859447e-05, 29, 15
7.946, 0.764558932128636, 0.76, 0.3460703889784571, 86.51759724461428, 104, 284, 9.62193471090657e-05, 29, 26
7.98, 0.7677354313672656, 0.75, 0.3360703889784571, 84.01759724461428, 109, 279, 9.62074475397576e-05, 29, 12
8.016, 0.7714006227964537, 0.7199999999999999, 0.3060703889784571, 76.51759724461428, 116, 278, 9.623261262430811e-05, 29, 7
8.055999999999999, 0.7753101603209211, 0.7199999999999999, 0.3060703889784571, 76.51759724461428, 123, 274, 9.624008941421561e-05, 29, 12
8.092000000000001, 0.7789753517501092, 0.7199999999999999, 0.3060703889784571, 76.51759724461428, 121, 283, 9.626487293006786e-05, 29, 7
8.138, 0.7833735814651349, 0.76, 0.3460703889784571, 86.51759724461428, 121, 282, 9.62611921190876e-05, 29, 3
8.175000000000001, 0.787038772894323, 0.79, 0.3760703889784571, 94.01759724461428, 125, 279, 9.627385601153797e-05, 29, 5
8.212999999999999, 0.7907039643235111, 0.8100000000000001, 0.3960703889784572, 99.01759724461428, 110, 285, 9.627468212876062e-05, 29, 16
8.253, 0.7946135018479783, 0.8100000000000001, 0.3960703889784572, 99.01759724461428, 102, 307, 9.6281776547677e-05, 29, 35
8.295999999999999, 0.7987673854677249, 0.8199999999999999, 0.4060703889784571, 101.5175972446143, 97, 306, 9.628343604962932e-05, 29, 5
8.329000000000001, 0.8021882308016336, 0.8199999999999999, 0.4060703889784571, 101.5175972446143, 90, 296, 9.631267028474412e-05, 29, 14
8.372999999999999, 0.8063421144213802, 0.8299999999999999, 0.4160703889784571, 104.0175972446143, 105, 300, 9.630265310180107e-05, 29, 16
8.41, 0.8100073058505684, 0.8100000000000001, 0.3960703889784572, 99.01759724461428, 91, 300, 9.631478071944928e-05, 29, 14
8.445, 0.8131838050891979, 0.8299999999999999, 0.4160703889784571, 104.0175972446143, 93, 297, 9.629174719824723e-05, 29, 9
8.486000000000001, 0.8173376887089445, 0.8100000000000001, 0.3960703889784572, 99.01759724461428, 108, 317, 9.631601328175163e-05, 29, 36
8.525, 0.8212472262334117, 0.84, 0.4260703889784571, 106.5175972446143, 104, 301, 9.633398548192513e-05, 29, 13
8.565, 0.8249124176625999, 0.8299999999999999, 0.4160703889784571, 104.0175972446143, 85, 295, 9.631201607269119e-05, 29, 26
8.606, 0.8288219551870672, 0.84, 0.4260703889784571, 106.5175972446143, 91, 297, 9.630745470451629e-05, 29, 8
8.648, 0.8329758388068138, 0.8299999999999999, 0.4160703889784571, 104.0175972446143, 97, 308, 9.63200553661903e-05, 29, 12
8.688000000000001, 0.8371297224265602, 0.8100000000000001, 0.3960703889784572, 99.01759724461428, 88, 324, 9.635471022405159e-05, 29, 27
8.724, 0.8407949138557484, 0.8199999999999999, 0.4060703889784571, 101.5175972446143, 102, 298, 9.637722533880655e-05, 29, 29
8.765000000000001, 0.8444601052849364, 0.8, 0.3860703889784571, 96.51759724461428, 108, 288, 9.634456420820724e-05, 29, 29
8.803000000000001, 0.8483696428094037, 0.8299999999999999, 0.4160703889784571, 104.0175972446143, 89, 295, 9.637278686918139e-05, 29, 31
8.840999999999999, 0.8520348342385919, 0.7800000000000001, 0.3660703889784571, 91.51759724461428, 101, 297, 9.637312908478588e-05, 29, 13
8.882, 0.8561887178583383, 0.75, 0.3360703889784571, 84.01759724461428, 103, 306, 9.639593761071136e-05, 29, 11
8.923999999999999, 0.8600982553828056, 0.71, 0.2960703889784571, 74.01759724461428, 110, 289, 9.638035134276173e-05, 29, 20
8.965999999999999, 0.864252139002552, 0.7, 0.2860703889784571, 71.51759724461428, 121, 270, 9.63921636183975e-05, 29, 33
9.002000000000001, 0.8679173304317402, 0.7, 0.2860703889784571, 71.51759724461428, 133, 276, 9.641383364049545e-05, 29, 19
9.045, 0.8720712140514868, 0.73, 0.3160703889784571, 79.01759724461428, 131, 262, 9.641472792166798e-05, 29, 16
9.083, 0.8754920593853955, 0.76, 0.3460703889784571, 86.51759724461428, 111, 271, 9.638798407854186e-05, 29, 27
9.121, 0.8791572508145835, 0.76, 0.3460703889784571, 86.51759724461428, 115, 287, 9.638825247391553e-05, 29, 22
9.16, 0.8830667883390511, 0.7800000000000001, 0.3660703889784571, 91.51759724461428, 123, 291, 9.640467121605361e-05, 29, 14
9.198, 0.886731979768239, 0.79, 0.3760703889784571, 94.01759724461428, 111, 287, 9.640486842446609e-05, 29, 16
9.238, 0.8906415172927064, 0.8, 0.3860703889784571, 96.51759724461428, 97, 301, 9.641064270325897e-05, 29, 27
9.275, 0.8940623626266152, 0.8299999999999999, 0.4160703889784571, 104.0175972446143, 99, 284, 9.639486389505286e-05, 29, 18
9.315, 0.8979719001510825, 0.8299999999999999, 0.4160703889784571, 104.0175972446143, 103, 300, 9.640063340322948e-05, 29, 21
9.355, 0.9016370915802707, 0.84, 0.4260703889784571, 106.5175972446143, 89, 313, 9.638023426833465e-05, 29, 26
9.394, 0.9057909752000171, 0.8299999999999999, 0.4160703889784571, 104.0175972446143, 100, 320, 9.642228818394901e-05, 29, 23
9.438000000000001, 0.9099448588197637, 0.8299999999999999, 0.4160703889784571, 104.0175972446143, 92, 292, 9.641289031783892e-05, 29, 37
9.478999999999999, 0.9140987424395103, 0.8299999999999999, 0.4160703889784571, 104.0175972446143, 96, 304, 9.643409035125121e-05, 29, 15
9.525, 0.9187413182498151, 0.8299999999999999, 0.4160703889784571, 104.0175972446143, 95, 296, 9.645578144355015e-05, 29, 6
9.56, 0.9219178174884448, 0.84, 0.4260703889784571, 106.5175972446143, 99, 302, 9.643491814732686e-05, 29, 6
9.599, 0.9260717011081912, 0.84, 0.4260703889784571, 106.5175972446143, 90, 317, 9.64758517666623e-05, 29, 21
9.640000000000001, 0.9299812386326586, 0.84, 0.4260703889784571, 106.5175972446143, 88, 310, 9.647108284571148e-05, 29, 11
9.68, 0.9338907761571258, 0.8299999999999999, 0.4160703889784571, 104.0175972446143, 99, 301, 9.647631985094275e-05, 29, 20
9.717000000000001, 0.9375559675863141, 0.8299999999999999, 0.4160703889784571, 104.0175972446143, 93, 310, 9.64861549435334e-05, 29, 12
9.759, 0.9414655051107811, 0.8299999999999999, 0.4160703889784571, 104.0175972446143, 89, 297, 9.647151399844056e-05, 29, 22
9.798999999999999, 0.9451306965399692, 0.84, 0.4260703889784571, 106.5175972446143, 95, 299, 9.645174982548925e-05, 29, 9
9.837999999999999, 0.9490402340644367, 0.84, 0.4260703889784571, 106.5175972446143, 94, 310, 9.646678532876974e-05, 29, 12
9.875, 0.952949771588904, 0.84, 0.4260703889784571, 106.5175972446143, 94, 318, 9.650124269254723e-05, 29, 10
9.911, 0.9563706169228128, 0.8299999999999999, 0.4160703889784571, 104.0175972446143, 89, 301, 9.649587497959971e-05, 29, 19
9.949, 0.9597914622567217, 0.8100000000000001, 0.3960703889784572, 99.01759724461428, 93, 312, 9.647114908601083e-05, 29, 11
9.986000000000001, 0.9637009997811891, 0.84, 0.4260703889784571, 106.5175972446143, 100, 298, 9.650520726829452e-05, 29, 19
10.028, 0.9676105373056563, 0.8299999999999999, 0.4160703889784571, 104.0175972446143, 96, 297, 9.64908792686135e-05, 29, 9
10.079, 0.9727418053065197, 0.84, 0.4260703889784571, 106.5175972446143, 95, 299, 9.651173780201605e-05, 29, 3
10.119, 0.9766513428309869, 0.8199999999999999, 0.4060703889784571, 101.5175972446143, 95, 321, 9.651658689900058e-05, 29, 26
10.159, 0.9805608803554541, 0.8199999999999999, 0.4060703889784571, 101.5175972446143, 98, 305, 9.65213978103607e-05, 29, 18
10.199, 0.9844704178799216, 0.8, 0.3860703889784571, 96.51759724461428, 100, 280, 9.652617098538302e-05, 29, 28
10.24, 0.9883799554043888, 0.8, 0.3860703889784571, 96.51759724461428, 98, 292, 9.652148001995984e-05, 29, 13
10.281, 0.992289492928856, 0.49, 0.07607038897845713, 19.01759724461428, 101, 305, 9.651682646910379e-05, 29, 19
10.321, 0.9964433765486026, 0.09, -0.3239296110215429, -80.98240275538572, 110, 282, 9.654523559234596e-05, 30, 29
10.36, 1.000108567977791, 0.07000000000000001, -0.3439296110215429, -85.98240275538572, 189, 234, 9.653557605963229e-05, 30, 128
10.399, 1.004018105502258, 0.08, -0.3339296110215429, -83.48240275538572, 238, 146, 9.65494860565687e-05, 30, 126
10.436, 1.007683296931446, 0.08, -0.3339296110215429, -83.48240275538572, 297, 105, 9.655838414444673e-05, 30, 108
10.48, 1.011592834455913, 0.08, -0.3339296110215429, -83.48240275538572, 267, 99, 9.652603382212915e-05, 30, 39
10.516, 1.015013679789822, 0.08, -0.3339296110215429, -83.48240275538572, 277, 116, 9.652089005228436e-05, 30, 22
10.557, 1.019411909504848, 0.08, -0.3339296110215429, -83.48240275538572, 289, 139, 9.65626512744954e-05, 30, 38
10.594, 1.022832754838757, 0.08, -0.3339296110215429, -83.48240275538572, 275, 129, 9.654830610144959e-05, 30, 19
10.638, 1.026986638458503, 0.09, -0.3239296110215429, -80.98240275538572, 278, 110, 9.653944711961868e-05, 30, 20
10.674, 1.030407483792412, 0.12, -0.2939296110215428, -73.48240275538572, 293, 117, 9.653433425074127e-05, 30, 23
10.713, 1.034561367412159, 0.29, -0.1239296110215429, -30.98240275538572, 268, 128, 9.657064943640052e-05, 30, 36
10.759, 1.038715251031905, 0.52, 0.1060703889784571, 26.51759724461428, 250, 141, 9.654384710771497e-05, 31, 32
10.8, 1.042869134651652, 0.76, 0.3460703889784571, 86.51759724461428, 199, 187, 9.656195691218997e-05, 31, 90
10.84, 1.046778672176119, 0.8, 0.3860703889784571, 96.51759724461428, 171, 236, 9.656629817122869e-05, 31, 73
10.878, 1.050688209700587, 0.8100000000000001, 0.3960703889784572, 99.01759724461428, 118, 298, 9.658836272298092e-05, 31, 128
10.916, 1.054109055034495, 0.8100000000000001, 0.3960703889784572, 99.01759724461428, 91, 296, 9.656550522485301e-05, 31, 30
10.959, 1.058507284749521, 0.8100000000000001, 0.3960703889784572, 99.01759724461428, 112, 290, 9.658794458887863e-05, 31, 31
10.999, 1.062416822273988, 0.8, 0.3860703889784571, 96.51759724461428, 105, 313, 9.659212858205183e-05, 31, 28
11.036, 1.066326359798456, 0.79, 0.3760703889784571, 94.01759724461428, 100, 315, 9.662254075738089e-05, 31, 12
11.079, 1.070235897322923, 0.7800000000000001, 0.3660703889784571, 91.51759724461428, 107, 273, 9.660040593220712e-05, 31, 53
11.12, 1.07414543484739, 0.7800000000000001, 0.3660703889784571, 91.51759724461428, 107, 285, 9.659581248627608e-05, 31, 13
11.16, 1.077810626276578, 0.8199999999999999, 0.4060703889784571, 101.5175972446143, 100, 292, 9.657801310722027e-05, 31, 11
11.201, 1.081964509896325, 0.84, 0.4260703889784571, 106.5175972446143, 105, 305, 9.659534951310819e-05, 31, 23
11.24, 1.085629701325513, 0.86, 0.4460703889784571, 111.5175972446143, 96, 296, 9.658627235992107e-05, 31, 16
11.278, 1.089294892754701, 0.79, 0.3760703889784571, 94.01759724461428, 93, 303, 9.658582131181955e-05, 31, 7
11.32, 1.093693122469727, 0.7199999999999999, 0.3060703889784571, 76.51759724461428, 92, 329, 9.661600021817373e-05, 31, 31
11.362, 1.097847006089473, 0.32, -0.09392961102154288, -23.48240275538572, 118, 279, 9.662445045673939e-05, 32, 69
11.401, 1.101512197518661, 0.13, -0.2839296110215429, -70.98240275538572, 137, 244, 9.661540194006326e-05, 32, 58
11.44, 1.105421735043129, 0.07000000000000001, -0.3439296110215429, -85.98240275538572, 192, 215, 9.662777404223153e-05, 32, 76
11.48, 1.109086926472316, 0.07000000000000001, -0.3439296110215429, -85.98240275538572, 273, 144, 9.661035944880805e-05, 32, 155
11.519, 1.112752117901505, 0.07000000000000001, -0.3439296110215429, -85.98240275538572, 266, 93, 9.660145133271158e-05, 32, 51
11.557, 1.116172963235414, 0.08, -0.3339296110215429, -83.48240275538572, 265, 112, 9.6579818571897e-05, 32, 15
11.598, 1.120571192950439, 0.08, -0.3339296110215429, -83.48240275538572, 298, 129, 9.661762312040347e-05, 32, 56
11.638, 1.124480730474906, 0.09, -0.3239296110215429, -80.98240275538572, 311, 116, 9.662147538021195e-05, 32, 27
11.676, 1.128390267999374, 0.09, -0.3239296110215429, -80.98240275538572, 276, 118, 9.664185234664046e-05, 32, 29
11.718, 1.132299805523841, 0.12, -0.2939296110215428, -73.48240275538572, 273, 128, 9.662910100049848e-05, 32, 22
11.757, 1.136209343048308, 0.13, -0.2839296110215429, -70.98240275538572, 272, 122, 9.664109407572582e-05, 32, 9
11.798, 1.140118880572776, 0.18, -0.2339296110215429, -58.48240275538572, 256, 129, 9.663662320501574e-05, 32, 27
11.838, 1.144028418097243, 0.22, -0.1939296110215429, -48.48240275538572, 272, 129, 9.664034618155458e-05, 32, 16
11.886, 1.148670993907548, 0.25, -0.1639296110215429, -40.98240275538572, 247, 143, 9.664066918286624e-05, 32, 35
11.921, 1.152336185336736, 0.29, -0.1239296110215429, -30.98240275538572, 243, 165, 9.666438934122439e-05, 32, 28
11.96, 1.155757030670645, 0.26, -0.1539296110215429, -38.48240275538572, 229, 170, 9.663520323333154e-05, 32, 21
11.996, 1.159422222099833, 0.24, -0.1739296110215429, -43.48240275538572, 239, 158, 9.665073542012614e-05, 32, 16
12.036, 1.1633317596243, 0.26, -0.1539296110215429, -38.48240275538572, 242, 158, 9.665435025127122e-05, 32, 10
12.076, 1.167241297148768, 0.24, -0.1739296110215429, -43.48240275538572, 236, 156, 9.665794113520766e-05, 32, 7
12.115, 1.171150834673235, 0.28, -0.1339296110215429, -33.48240275538572, 246, 161, 9.666948697261532e-05, 32, 7
12.156, 1.175304718292981, 0.29, -0.1239296110215429, -30.98240275538572, 251, 165, 9.668515287043283e-05, 32, 7
12.198, 1.179458601912728, 0.34, -0.07392961102154288, -18.48240275538572, 225, 166, 9.669278585938088e-05, 32, 30
12.239, 1.183123793341916, 0.29, -0.1239296110215429, -30.98240275538572, 217, 179, 9.666833837257261e-05, 32, 20
12.274, 1.186544638675825, 0.25, -0.1639296110215429, -40.98240275538572, 212, 177, 9.667138982204865e-05, 32, 13
12.312, 1.190209830105013, 0.23, -0.1839296110215429, -45.98240275538572, 240, 172, 9.667071394615114e-05, 32, 29
12.352, 1.194363713724759, 0.24, -0.1739296110215429, -43.48240275538572, 255, 147, 9.669395350750968e-05, 32, 46
12.395, 1.198273251249227, 0.37, -0.04392961102154288, -10.98240275538572, 240, 149, 9.667392103664596e-05, 32, 18
12.432, 1.202182788773694, 0.4600000000000001, 0.04607038897845712, 11.51759724461428, 225, 177, 9.67006747726588e-05, 33, 34
12.475, 1.206092326298161, 0.42, 0.006070388978457117, 1.517597244614279, 196, 197, 9.668074759905101e-05, 33, 51
12.515, 1.210001863822629, 0.38, -0.03392961102154288, -8.482402755385721, 192, 212, 9.668412815202787e-05, 34, 29
12.558, 1.214400093537654, 0.27, -0.1439296110215429, -35.98240275538572, 213, 198, 9.670330415174824e-05, 34, 37
12.597, 1.218309631062122, 0.22, -0.1939296110215429, -48.48240275538572, 216, 175, 9.671426776709708e-05, 34, 26
12.638, 1.222219168586589, 0.22, -0.1939296110215429, -48.48240275538572, 243, 154, 9.670985666929806e-05, 34, 47
12.679, 1.226128706111056, 0.28, -0.1339296110215429, -33.48240275538572, 255, 151, 9.670547409977571e-05, 34, 14
12.718, 1.229793897540244, 0.37, -0.04392961102154288, -10.98240275538572, 236, 155, 9.669711413274449e-05, 34, 18
12.756, 1.233703435064712, 0.4600000000000001, 0.04607038897845712, 11.51759724461428, 224, 182, 9.671554053501975e-05, 35, 36
12.799, 1.237857318684458, 0.52, 0.1060703889784571, 26.51759724461428, 181, 204, 9.67151588940119e-05, 35, 73
12.839, 1.241522510113646, 0.4699999999999999, 0.05607038897845712, 14.01759724461428, 171, 213, 9.669931537609211e-05, 35, 24
12.881, 1.245920739828672, 0.37, -0.04392961102154288, -10.98240275538572, 197, 224, 9.672546695354958e-05, 36, 40
12.92, 1.249830277353139, 0.26, -0.1539296110215429, -38.48240275538572, 203, 216, 9.673608957841637e-05, 36, 15
12.959, 1.253251122687048, 0.2, -0.2139296110215429, -53.48240275538572, 218, 166, 9.67089376253606e-05, 36, 55
12.996, 1.256916314116236, 0.2, -0.2139296110215429, -53.48240275538572, 249, 157, 9.671562897170178e-05, 36, 41
13.035, 1.260825851640704, 0.24, -0.1739296110215429, -43.48240275538572, 255, 141, 9.672618731420817e-05, 36, 29
13.077, 1.264735389165171, 0.36, -0.05392961102154288, -13.48240275538572, 247, 138, 9.6714490262688e-05, 36, 13
13.114, 1.268400580594359, 0.52, 0.1060703889784571, 26.51759724461428, 230, 182, 9.672110573389958e-05, 37, 48
13.153, 1.272310118118826, 0.62, 0.2060703889784571, 51.51759724461428, 194, 218, 9.673155311478949e-05, 37, 68
13.196, 1.276464001738573, 0.63, 0.2160703889784571, 54.01759724461428, 161, 230, 9.673113077740018e-05, 37, 62
13.238, 1.28037353926304, 0.52, 0.1060703889784571, 26.51759724461428, 144, 255, 9.67195603008793e-05, 37, 39
13.282, 1.284771768978066, 0.28, -0.1339296110215429, -33.48240275538572, 148, 241, 9.673029430643473e-05, 38, 9
13.323, 1.288681306502533, 0.12, -0.2939296110215428, -73.48240275538572, 200, 208, 9.672606068472065e-05, 38, 79
13.365, 1.29283519012228, 0.1, -0.3139296110215429, -78.48240275538572, 245, 149, 9.673289862493675e-05, 38, 103
13.405, 1.296500381551468, 0.11, -0.3039296110215429, -75.98240275538572, 269, 115, 9.671767113401476e-05, 38, 66
13.446, 1.300654265171214, 0.21, -0.2039296110215429, -50.98240275538572, 284, 120, 9.673168713157924e-05, 38, 18
13.486, 1.304808148790961, 0.49, 0.07607038897845713, 19.01759724461428, 271, 145, 9.675279169442096e-05, 39, 34
13.526, 1.308962032410707, 0.6899999999999999, 0.2760703889784571, 69.01759724461428, 253, 171, 9.67737714335877e-05, 39, 43
13.569, 1.313115916030454, 0.8, 0.3860703889784571, 96.51759724461428, 164, 225, 9.677322691653428e-05, 39, 141
13.61, 1.316781107459642, 0.76, 0.3460703889784571, 86.51759724461428, 112, 286, 9.67509998133462e-05, 39, 122
13.651, 1.320690644984109, 0.62, 0.2060703889784571, 51.51759724461428, 93, 294, 9.674680572735399e-05, 39, 28
13.695, 1.325333220794414, 0.18, -0.2339296110215429, -58.48240275538572, 136, 277, 9.677497048517079e-05, 40, 57
13.735, 1.329242758318881, 0.1, -0.3139296110215429, -78.48240275538572, 156, 234, 9.677777636103976e-05, 40, 60
13.771, 1.33266360365279, 0.08, -0.3339296110215429, -83.48240275538572, 208, 183, 9.67731903022867e-05, 40, 96
13.811, 1.336573141177258, 0.08, -0.3339296110215429, -83.48240275538572, 275, 118, 9.677598589365417e-05, 40, 143
13.849, 1.339993986511167, 0.09, -0.3239296110215429, -80.98240275538572, 289, 99, 9.675745443794977e-05, 40, 34
13.886, 1.343903524035634, 0.14, -0.2739296110215429, -68.48240275538572, 293, 123, 9.678118421688275e-05, 40, 26
13.929, 1.348301753750659, 0.27, -0.1439296110215429, -35.98240275538572, 279, 139, 9.679817314600182e-05, 40, 34
13.97, 1.351966945179848, 0.48, 0.06607038897845712, 16.51759724461428, 249, 136, 9.677644561058321e-05, 41, 35
14.006, 1.355387790513757, 0.6800000000000001, 0.2660703889784571, 66.51759724461428, 223, 187, 9.67719399195885e-05, 41, 69
14.046, 1.359541674133503, 0.8199999999999999, 0.4060703889784571, 101.5175972446143, 166, 233, 9.679208843325522e-05, 41, 103
14.091, 1.363695557753249, 0.8299999999999999, 0.4160703889784571, 104.0175972446143, 94, 284, 9.677777004848835e-05, 41, 109
14.131, 1.367360749182438, 0.71, 0.2960703889784571, 74.01759724461428, 94, 300, 9.676319787576515e-05, 41, 39
14.171, 1.371514632802184, 0.4600000000000001, 0.04607038897845712, 11.51759724461428, 107, 298, 9.678319333866234e-05, 41, 14
14.216, 1.37591286251721, 0.23, -0.1839296110215429, -45.98240275538572, 157, 251, 9.678621711572946e-05, 42, 96
14.256, 1.380066746136956, 0.15, -0.2639296110215429, -65.98240275538572, 212, 189, 9.680602876942734e-05, 42, 100
14.299, 1.383976283661423, 0.18, -0.2339296110215429, -58.48240275538572, 244, 124, 9.678832671245704e-05, 42, 121
14.34, 1.387885821185891, 0.38, -0.03392961102154288, -8.482402755385721, 247, 139, 9.678422741882084e-05, 42, 18
14.382, 1.392039704805637, 0.71, 0.2960703889784571, 74.01759724461428, 257, 176, 9.679041195978565e-05, 43, 47
14.422, 1.396437934520663, 0.8, 0.3860703889784571, 96.51759724461428, 194, 208, 9.682692653728077e-05, 43, 75
14.462, 1.400103125949851, 0.8100000000000001, 0.3960703889784572, 99.01759724461428, 127, 265, 9.681255192572612e-05, 43, 133
14.498, 1.403279625188481, 0.8100000000000001, 0.3960703889784572, 99.01759724461428, 87, 299, 9.679125570344054e-05, 43, 93
14.535, 1.406944816617669, 0.8299999999999999, 0.4160703889784571, 104.0175972446143, 100, 290, 9.679702900706355e-05, 43, 18
14.578, 1.411098700237415, 0.8100000000000001, 0.3960703889784572, 99.01759724461428, 104, 311, 9.679645357644501e-05, 43, 23
14.614, 1.414519545571324, 0.8, 0.3860703889784571, 96.51759724461428, 90, 297, 9.679208605250611e-05, 43, 26
14.65, 1.418429083095791, 0.8, 0.3860703889784571, 96.51759724461428, 107, 299, 9.682109782223835e-05, 43, 17
14.689, 1.42209427452498, 0.8100000000000001, 0.3960703889784572, 99.01759724461428, 105, 305, 9.681355262611339e-05, 43, 5
14.731, 1.426248158144726, 0.8100000000000001, 0.3960703889784572, 99.01759724461428, 100, 294, 9.681950703582418e-05, 43, 11
14.77, 1.429913349573914, 0.8199999999999999, 0.4060703889784571, 101.5175972446143, 100, 283, 9.681200741868071e-05, 43, 16
14.81, 1.433822887098382, 0.85, 0.4360703889784571, 109.0175972446143, 102, 300, 9.681450959475905e-05, 43, 19
14.846, 1.437488078527569, 0.85, 0.4360703889784571, 109.0175972446143, 91, 331, 9.682662525445032e-05, 43, 42
14.889, 1.441641962147316, 0.8100000000000001, 0.3960703889784572, 99.01759724461428, 85, 308, 9.682597636827968e-05, 43, 27
14.928, 1.445307153576504, 0.8299999999999999, 0.4160703889784571, 104.0175972446143, 91, 294, 9.68185392267219e-05, 43, 15
14.962, 1.448727998910413, 0.84, 0.4260703889784571, 106.5175972446143, 98, 296, 9.682716207127477e-05, 43, 7
15.006, 1.45288188253016, 0.84, 0.4260703889784571, 106.5175972446143, 100, 305, 9.682006414302009e-05, 43, 10
15.042, 1.456547073959348, 0.8, 0.3860703889784571, 96.51759724461428, 89, 306, 9.683200863976516e-05, 43, 9
15.086, 1.460945303674373, 0.8, 0.3860703889784571, 96.51759724461428, 98, 306, 9.684113109335632e-05, 43, 8
15.123, 1.464610495103561, 0.77, 0.3560703889784571, 89.01759724461428, 111, 305, 9.684655789880059e-05, 43, 20
15.163, 1.468520032628029, 0.73, 0.3160703889784571, 79.01759724461428, 105, 278, 9.68489106791551e-05, 43, 29
15.203, 1.472185224057217, 0.6800000000000001, 0.2660703889784571, 66.51759724461428, 106, 278, 9.683517885004386e-05, 43, 4
15.248, 1.476583453772243, 0.7, 0.2860703889784571, 71.51759724461428, 136, 274, 9.683784455484277e-05, 43, 35
15.293, 1.480981683487268, 0.76, 0.3460703889784571, 86.51759724461428, 124, 259, 9.684049457184779e-05, 43, 33
15.333, 1.484646874916456, 0.75, 0.3360703889784571, 84.01759724461428, 118, 280, 9.682690112283677e-05, 43, 28
15.375, 1.488800758536203, 0.76, 0.3460703889784571, 86.51759724461428, 114, 294, 9.683256966089125e-05, 43, 15
15.413, 1.492954642155949, 0.74, 0.3260703889784571, 81.51759724461428, 113, 293, 9.686333887990328e-05, 43, 6
15.455, 1.496619833585138, 0.65, 0.2360703889784571, 59.01759724461428, 120, 277, 9.683725872436996e-05, 43, 24
15.498, 1.501018063300163, 0.5600000000000001, 0.1460703889784571, 36.51759724461428, 129, 268, 9.685237213189852e-05, 43, 16
15.535, 1.504683254729351, 0.5699999999999999, 0.1560703889784571, 39.01759724461428, 151, 240, 9.685762824134866e-05, 43, 50
15.578, 1.508592792253818, 0.5300000000000001, 0.1160703889784571, 29.01759724461428, 158, 246, 9.684123714557828e-05, 43, 16
15.618, 1.512746675873565, 0.52, 0.1060703889784571, 26.51759724461428, 167, 230, 9.685918016862372e-05, 43, 25
15.658, 1.516411867302753, 0.5699999999999999, 0.1560703889784571, 39.01759724461428, 170, 216, 9.684582113314299e-05, 43, 16
15.7, 1.5205657509225, 0.6, 0.1860703889784571, 46.51759724461428, 165, 234, 9.685132171480891e-05, 43, 22
15.739, 1.524475288446967, 0.55, 0.1360703889784571, 34.01759724461428, 162, 254, 9.68597298714637e-05, 43, 24
15.779, 1.528629172066713, 0.58, 0.1660703889784571, 41.51759724461428, 157, 234, 9.687744293470521e-05, 43, 32
15.819, 1.532294363495902, 0.63, 0.2160703889784571, 54.01759724461428, 163, 232, 9.686417368328604e-05, 43, 12
15.856, 1.53595955492509, 0.74, 0.3260703889784571, 81.51759724461428, 158, 261, 9.686929584542696e-05, 43, 30
15.896, 1.539624746354278, 0.6899999999999999, 0.2760703889784571, 69.01759724461428, 130, 261, 9.685611137105422e-05, 43, 29
15.938, 1.543778629974024, 0.6, 0.1860703889784571, 46.51759724461428, 113, 271, 9.686150269632478e-05, 43, 30
15.976, 1.547443821403212, 0.64, 0.2260703889784571, 56.51759724461428, 139, 268, 9.686052963214898e-05, 43, 22
16.018, 1.551842051118238, 0.7199999999999999, 0.3060703889784571, 76.51759724461428, 166, 252, 9.688113691585954e-05, 43, 50
16.054, 1.555262896452147, 0.7199999999999999, 0.3060703889784571, 76.51759724461428, 130, 264, 9.687697125028947e-05, 43, 40
16.098, 1.559416780071893, 0.75, 0.3360703889784571, 84.01759724461428, 118, 270, 9.687021866516918e-05, 43, 21
16.136, 1.563081971501082, 0.73, 0.3160703889784571, 79.01759724461428, 117, 287, 9.686923472366644e-05, 43, 18
16.172, 1.566991509025549, 0.6899999999999999, 0.2760703889784571, 69.01759724461428, 119, 297, 9.689534436220313e-05, 43, 21
16.213, 1.570901046550016, 0.48, 0.06607038897845712, 16.51759724461428, 125, 263, 9.689144800777253e-05, 43, 32
16.26, 1.575299276265042, 0.18, -0.2339296110215429, -58.48240275538572, 140, 245, 9.688187430904318e-05, 44, 40
16.3, 1.579208813789509, 0.18, -0.2339296110215429, -58.48240275538572, 197, 189, 9.688397630610488e-05, 44, 106
16.336, 1.582385313028139, 0.18, -0.2339296110215429, -58.48240275538572, 248, 149, 9.686491877008685e-05, 44, 90
16.375, 1.586294850552606, 0.17, -0.2439296110215428, -60.98240275538572, 269, 142, 9.687296797267825e-05, 44, 37
16.415, 1.590448734172353, 0.18, -0.2339296110215429, -58.48240275538572, 260, 144, 9.688996248384726e-05, 44, 8
16.458, 1.594602617792099, 0.18, -0.2339296110215429, -58.48240275538572, 262, 137, 9.688920997643088e-05, 44, 11
16.499, 1.598512155316566, 0.17, -0.2439296110215428, -60.98240275538572, 253, 139, 9.688539640684686e-05, 44, 10
16.536, 1.601933000650475, 0.13, -0.2839296110215429, -70.98240275538572, 247, 142, 9.687548383227355e-05, 44, 12
16.574, 1.605842538174943, 0.12, -0.2939296110215428, -73.48240275538572, 265, 134, 9.688925655695323e-05, 44, 28
16.618, 1.609996421794689, 0.15, -0.2639296110215429, -65.98240275538572, 288, 122, 9.688268274128591e-05, 44, 35
16.656, 1.613905959319156, 0.16, -0.2539296110215429, -63.48240275538572, 273, 126, 9.689637123674089e-05, 44, 17
16.698, 1.618059842938903, 0.12, -0.2939296110215428, -73.48240275538572, 252, 143, 9.69014159144151e-05, 44, 39
16.739, 1.621969380463371, 0.12, -0.2939296110215428, -73.48240275538572, 275, 127, 9.689762712607507e-05, 44, 34
16.778, 1.625878917987838, 0.17, -0.2439296110215428, -60.98240275538572, 269, 123, 9.69054069607723e-05, 44, 4
16.819, 1.629788455512305, 0.18, -0.2339296110215429, -58.48240275538572, 263, 137, 9.690162646484959e-05, 44, 21
16.856, 1.633209300846214, 0.19, -0.2239296110215429, -55.98240275538572, 260, 139, 9.689186644792441e-05, 44, 4
16.9, 1.63760753056124, 0.19, -0.2239296110215429, -55.98240275538572, 249, 146, 9.689985387936328e-05, 44, 15
16.939, 1.641517068085707, 0.2, -0.2139296110215429, -53.48240275538572, 253, 147, 9.690755464228742e-05, 44, 9
16.975, 1.644937913419616, 0.19, -0.2239296110215429, -55.98240275538572, 256, 137, 9.690355896433671e-05, 44, 23
17.016, 1.648847450944083, 0.17, -0.2439296110215428, -60.98240275538572, 259, 151, 9.689982668923854e-05, 44, 15
17.055, 1.652512642373271, 0.14, -0.2739296110215429, -68.48240275538572, 266, 143, 9.689314818957907e-05, 44, 18
17.098, 1.656910872088297, 0.2, -0.2139296110215429, -53.48240275538572, 260, 132, 9.690670675449157e-05, 44, 14
17.135, 1.660576063517485, 0.22, -0.1939296110215429, -48.48240275538572, 268, 130, 9.691135474277706e-05, 44, 11
17.178, 1.664729947137231, 0.18, -0.2339296110215429, -58.48240275538572, 245, 149, 9.69105802268734e-05, 44, 42
17.219, 1.668639484661699, 0.2, -0.2139296110215429, -53.48240275538572, 248, 151, 9.690687523443282e-05, 44, 1
17.259, 1.672549022186166, 0.21, -0.2039296110215429, -50.98240275538572, 265, 139, 9.690880249065218e-05, 44, 29
17.299, 1.676702905805912, 0.19, -0.2239296110215429, -55.98240275538572, 253, 140, 9.692484570240548e-05, 44, 13
17.339, 1.68061244333038, 0.19, -0.2239296110215429, -55.98240275538572, 254, 151, 9.692672260974565e-05, 44, 10
17.376, 1.684521980854847, 0.22, -0.1939296110215429, -48.48240275538572, 264, 158, 9.694532578584523e-05, 44, 21
17.418, 1.688431518379314, 0.21, -0.2039296110215429, -50.98240275538572, 243, 147, 9.693601552298279e-05, 44, 32
17.457, 1.691852363713223, 0.2, -0.2139296110215429, -53.48240275538572, 235, 137, 9.691541294112525e-05, 44, 22
17.498, 1.69600624733297, 0.2, -0.2139296110215429, -53.48240275538572, 255, 140, 9.692571992987597e-05, 44, 23
17.538, 1.699915784857437, 0.19, -0.2239296110215429, -55.98240275538572, 252, 156, 9.692757354643843e-05, 44, 16
17.58, 1.704069668477184, 0.18, -0.2339296110215429, -58.48240275538572, 242, 149, 9.69322905845952e-05, 44, 19
17.619, 1.707734859906372, 0.18, -0.2339296110215429, -58.48240275538572, 265, 147, 9.692575401023735e-05, 44, 27
17.66, 1.711888743526118, 0.22, -0.1939296110215429, -48.48240275538572, 268, 148, 9.693594244202256e-05, 44, 9
17.701, 1.716042627145865, 0.2, -0.2139296110215429, -53.48240275538572, 246, 141, 9.694608367582987e-05, 44, 33
17.74, 1.719707818575053, 0.23, -0.1839296110215429, -45.98240275538572, 241, 147, 9.693956136274254e-05, 44, 11
17.775, 1.723128663908962, 0.21, -0.2039296110215429, -50.98240275538572, 254, 145, 9.694113439712865e-05, 44, 18
17.813, 1.72654950924287, 0.19, -0.2239296110215429, -55.98240275538572, 234, 150, 9.692637451540282e-05, 44, 25
17.854, 1.730459046767338, 0.17, -0.2439296110215428, -60.98240275538572, 248, 146, 9.692276502561542e-05, 44, 13
17.895, 1.734612930387084, 0.2, -0.2139296110215429, -53.48240275538572, 271, 142, 9.693282650947662e-05, 44, 26
17.938, 1.73901116010211, 0.16, -0.2539296110215429, -63.48240275538572, 259, 145, 9.694565503969843e-05, 44, 9
17.975, 1.742432005436019, 0.19, -0.2239296110215429, -55.98240275538572, 255, 141, 9.693641198531399e-05, 44, 10
18.013, 1.746097196865207, 0.2, -0.2139296110215429, -53.48240275538572, 267, 139, 9.693539093239368e-05, 44, 20
18.058, 1.750251080484954, 0.21, -0.2039296110215429, -50.98240275538572, 237, 144, 9.692386091953448e-05, 44, 35
18.095, 1.753916271914142, 0.2, -0.2139296110215429, -53.48240275538572, 255, 148, 9.692822724035047e-05, 44, 14
18.138, 1.758314501629167, 0.19, -0.2239296110215429, -55.98240275538572, 259, 149, 9.694092521938289e-05, 44, 8
18.175, 1.761979693058356, 0.19, -0.2239296110215429, -55.98240275538572, 263, 145, 9.694523758230291e-05, 44, 8
18.217, 1.766133576678102, 0.18, -0.2339296110215429, -58.48240275538572, 264, 137, 9.694974895307144e-05, 44, 9
18.256, 1.770043114202569, 0.21, -0.2039296110215429, -50.98240275538572, 271, 139, 9.695678758778316e-05, 44, 11
18.297, 1.773952651727037, 0.21, -0.2039296110215429, -50.98240275538572, 234, 154, 9.695319733983913e-05, 44, 51
18.339, 1.777862189251504, 0.19, -0.2239296110215429, -55.98240275538572, 238, 152, 9.694433661876351e-05, 44, 2
18.376, 1.781527380680692, 0.19, -0.2239296110215429, -55.98240275538572, 269, 143, 9.694859494344209e-05, 44, 42
18.418, 1.785681264300439, 0.19, -0.2239296110215429, -55.98240275538572, 256, 144, 9.695304942449987e-05, 44, 12
18.459, 1.789835147920185, 0.19, -0.2239296110215429, -55.98240275538572, 262, 144, 9.69627362219072e-05, 44, 5
18.495, 1.793500339349373, 0.19, -0.2239296110215429, -55.98240275538572, 264, 145, 9.697217298455653e-05, 44, 5
18.538, 1.79740987687384, 0.2, -0.2139296110215429, -53.48240275538572, 246, 140, 9.6958133394856e-05, 44, 24
18.576, 1.801319414398307, 0.21, -0.2039296110215429, -50.98240275538572, 259, 142, 9.697025271308718e-05, 44, 13
18.617, 1.805228951922775, 0.22, -0.1939296110215429, -48.48240275538572, 252, 150, 9.696669452235994e-05, 44, 12
18.653, 1.808405451161405, 0.21, -0.2039296110215429, -50.98240275538572, 224, 159, 9.694984459129389e-05, 44, 32
18.696, 1.812559334781151, 0.21, -0.2039296110215429, -50.98240275538572, 236, 153, 9.694904443630461e-05, 44, 10
18.733, 1.816224526210339, 0.2, -0.2139296110215429, -53.48240275538572, 274, 149, 9.695321231037951e-05, 44, 39
18.778, 1.820867102020644, 0.17, -0.2439296110215428, -60.98240275538572, 265, 145, 9.696810640220706e-05, 44, 8
18.815, 1.824532293449832, 0.18, -0.2339296110215429, -58.48240275538572, 254, 142, 9.697221862608728e-05, 44, 14
18.856, 1.8284418309743, 0.19, -0.2239296110215429, -55.98240275538572, 245, 134, 9.696870126083471e-05, 44, 19
18.895, 1.832107022403488, 0.21, -0.2039296110215429, -50.98240275538572, 261, 138, 9.696253095546375e-05, 44, 16
18.938, 1.836505252118513, 0.21, -0.2039296110215429, -50.98240275538572, 259, 154, 9.697461464349526e-05, 44, 19
18.977, 1.840170443547701, 0.21, -0.2039296110215429, -50.98240275538572, 247, 150, 9.696845884743118e-05, 44, 17
19.016, 1.84383563497689, 0.23, -0.1839296110215429, -45.98240275538572, 257, 136, 9.69623283012668e-05, 44, 27
19.053, 1.847745172501357, 0.21, -0.2039296110215429, -50.98240275538572, 243, 158, 9.697922492527983e-05, 44, 35
19.097, 1.851654710025824, 0.22, -0.1939296110215429, -48.48240275538572, 251, 145, 9.696050217446846e-05, 44, 18
19.136, 1.855564247550291, 0.18, -0.2339296110215429, -58.48240275538572, 259, 147, 9.696719521061306e-05, 44, 11
19.175, 1.859473785074759, 0.18, -0.2339296110215429, -58.48240275538572, 251, 156, 9.697386102084792e-05, 44, 23
19.218, 1.863872014789784, 0.19, -0.2239296110215429, -55.98240275538572, 259, 145, 9.698574330262172e-05, 44, 22
19.256, 1.867292860123693, 0.21, -0.2039296110215429, -50.98240275538572, 251, 129, 9.697200146051587e-05, 44, 20
19.298, 1.871691089838719, 0.22, -0.1939296110215429, -48.48240275538572, 248, 157, 9.698886360445224e-05, 44, 33
19.336, 1.875356281267907, 0.22, -0.1939296110215429, -48.48240275538572, 249, 155, 9.698780933325956e-05, 44, 3
19.377, 1.879265818792374, 0.22, -0.1939296110215429, -48.48240275538572, 246, 157, 9.698435355278805e-05, 44, 4
19.415, 1.882931010221562, 0.22, -0.1939296110215429, -48.48240275538572, 247, 152, 9.698331239874131e-05, 44, 7
19.452, 1.88659620165075, 0.21, -0.2039296110215429, -50.98240275538572, 242, 140, 9.698726103489362e-05, 44, 16
19.489, 1.890017046984659, 0.21, -0.2039296110215429, -50.98240275538572, 258, 148, 9.697865703651594e-05, 44, 23
19.529, 1.893926584509127, 0.21, -0.2039296110215429, -50.98240275538572, 249, 153, 9.698021324743339e-05, 44, 12
19.567, 1.897591775938315, 0.24, -0.1739296110215429, -43.48240275538572, 242, 147, 9.697918822192031e-05, 44, 18
19.61, 1.901745659558061, 0.25, -0.1639296110215429, -40.98240275538572, 257, 149, 9.697836101774918e-05, 44, 17
19.647, 1.905410850987249, 0.24, -0.1739296110215429, -43.48240275538572, 231, 154, 9.698227978761386e-05, 44, 23
19.689, 1.909564734606996, 0.23, -0.1839296110215429, -45.98240275538572, 241, 166, 9.698637485941367e-05, 44, 17
19.73, 1.913474272131463, 0.23, -0.1839296110215429, -45.98240275538572, 247, 153, 9.698298388907567e-05, 44, 23
19.766, 1.917139463560651, 0.26, -0.1539296110215429, -38.48240275538572, 241, 159, 9.699177696856477e-05, 44, 15
19.806, 1.921049001085119, 0.26, -0.1539296110215429, -38.48240275538572, 250, 160, 9.699328491796015e-05, 44, 17
19.846, 1.924958538609586, 0.25, -0.1639296110215429, -40.98240275538572, 230, 163, 9.69947867887527e-05, 44, 26
19.882, 1.928379383943495, 0.24, -0.1739296110215429, -43.48240275538572, 234, 159, 9.699121737971506e-05, 44, 1
19.922, 1.932288921467962, 0.2, -0.2139296110215429, -53.48240275538572, 243, 150, 9.699271767232014e-05, 44, 26
19.962, 1.936198458992429, 0.15, -0.2639296110215429, -65.98240275538572, 249, 153, 9.699421195233089e-05, 44, 3
20.006, 1.940596688707455, 0.18, -0.2339296110215429, -58.48240275538572, 270, 141, 9.700073421510822e-05, 44, 35
20.046, 1.944506226231922, 0.17, -0.2439296110215428, -60.98240275538572, 262, 135, 9.700220623725045e-05, 44, 12
20.098, 1.949637494232786, 0.22, -0.1939296110215429, -48.48240275538572, 258, 140, 9.700654265264134e-05, 44, 7
20.135, 1.953058339566695, 0.21, -0.2039296110215429, -50.98240275538572, 246, 150, 9.699817926827389e-05, 44, 19
20.177, 1.957212223186441, 0.23, -0.1839296110215429, -45.98240275538572, 232, 155, 9.70021422008446e-05, 44, 28
20.216, 1.96063306852035, 0.23, -0.1839296110215429, -45.98240275538572, 247, 136, 9.698422380888157e-05, 44, 35
20.253, 1.964542606044817, 0.26, -0.1539296110215429, -38.48240275538572, 267, 163, 9.700007929910715e-05, 44, 56
20.295, 1.968696489664564, 0.23, -0.1839296110215429, -45.98240275538572, 251, 159, 9.700401525817018e-05, 44, 17
20.335, 1.972606027189031, 0.15, -0.2639296110215429, -65.98240275538572, 246, 150, 9.700545990602564e-05, 44, 18
20.376, 1.976759910808777, 0.05, -0.3639296110215429, -90.98240275538572, 260, 143, 9.701412989834989e-05, 44, 20
20.415, 1.980669448333245, 0.03, -0.3839296110215429, -95.98240275538572, 271, 131, 9.702030116743792e-05, 44, 25
20.456, 1.984578985857712, 0.0, -0.413929611021543, -103.4824027553857, 300, 92, 9.701696254681815e-05, 44, 68
20.492, 1.987755485096342, 0.01, -0.4039296110215429, -100.9824027553857, 304, 97, 9.700153645795147e-05, 44, 6
20.527, 1.99142067652553, 0.0, -0.413929611021543, -103.4824027553857, 306, 103, 9.701469657161446e-05, 44, 11
20.563, 1.994841521859439, 0.01, -0.4039296110215429, -100.9824027553857, 298, 99, 9.701121051692065e-05, 44, 4
20.601, 1.998751059383906, 0.01, -0.4039296110215429, -100.9824027553857, 298, 93, 9.702204064773097e-05, 44, 13
20.639, 2.002416250813094, 0.01, -0.4039296110215429, -100.9824027553857, 309, 98, 9.702099185101481e-05, 44, 16
20.676, 2.006081442242282, 0.12, -0.2939296110215428, -73.48240275538572, 302, 104, 9.702463930365072e-05, 44, 9
20.716, 2.00999097976675, 0.19, -0.2239296110215429, -55.98240275538572, 283, 105, 9.70260175597002e-05, 44, 22
